session_idx,n_known,n_truth,prec@5_popularity,rec@5_popularity,prec@5_partial_cf,rec@5_partial_cf,prec@5_content_only,rec@5_content_only,prec@5_mixed,rec@5_mixed
767,1,6,0.2,0.16666666666666666,0.2,0.16666666666666666,0.0,0.0,0.0,0.0
1043,1,7,0.0,0.0,0.2,0.14285714285714285,0.0,0.0,0.2,0.14285714285714285
711,1,6,0.0,0.0,0.4,0.3333333333333333,0.2,0.16666666666666666,0.0,0.0
342,1,4,0.0,0.0,0.2,0.25,0.0,0.0,0.0,0.0
306,1,6,0.0,0.0,0.2,0.16666666666666666,0.2,0.16666666666666666,0.0,0.0
771,1,2,0.0,0.0,0.0,0.0,0.0,0.0,0.2,0.5
466,1,9,0.4,0.2222222222222222,0.2,0.1111111111111111,0.2,0.1111111111111111,0.2,0.1111111111111111
661,1,10,0.4,0.2,0.0,0.0,0.4,0.2,0.6,0.3
885,1,5,0.0,0.0,0.0,0.0,0.2,0.2,0.2,0.2
400,1,4,0.4,0.5,0.0,0.0,0.0,0.0,0.0,0.0
915,1,9,0.4,0.2222222222222222,0.4,0.2222222222222222,0.4,0.2222222222222222,0.6,0.3333333333333333
308,1,10,0.2,0.1,0.6,0.3,0.2,0.1,0.2,0.1
181,1,2,0.0,0.0,0.0,0.0,0.0,0.0,0.0,0.0
674,1,9,0.4,0.2222222222222222,0.8,0.4444444444444444,0.2,0.1111111111111111,0.2,0.1111111111111111
404,1,13,0.2,0.07692307692307693,0.6,0.23076923076923078,0.6,0.23076923076923078,0.2,0.07692307692307693
25,1,10,0.2,0.1,0.2,0.1,0.0,0.0,0.2,0.1
1075,1,4,0.0,0.0,0.2,0.25,0.0,0.0,0.0,0.0
1039,1,4,0.0,0.0,0.2,0.25,0.0,0.0,0.0,0.0
160,1,6,0.4,0.3333333333333333,0.0,0.0,0.0,0.0,0.2,0.16666666666666666
449,1,11,0.2,0.09090909090909091,0.4,0.18181818181818182,0.4,0.18181818181818182,0.4,0.18181818181818182
508,1,4,0.0,0.0,0.2,0.25,0.2,0.25,0.0,0.0
362,1,6,0.0,0.0,0.6,0.5,0.0,0.0,0.2,0.16666666666666666
1112,1,6,0.2,0.16666666666666666,0.0,0.0,0.2,0.16666666666666666,0.2,0.16666666666666666
899,1,7,0.2,0.14285714285714285,0.4,0.2857142857142857,0.0,0.0,0.2,0.14285714285714285
696,1,9,0.4,0.2222222222222222,0.0,0.0,0.0,0.0,0.0,0.0
127,1,10,0.2,0.1,0.6,0.3,0.2,0.1,0.2,0.1
138,1,4,0.2,0.25,0.2,0.25,0.0,0.0,0.2,0.25
934,1,5,0.0,0.0,0.2,0.2,0.2,0.2,0.0,0.0
21,1,4,0.4,0.5,0.2,0.25,0.0,0.0,0.0,0.0
1097,1,4,0.0,0.0,0.2,0.25,0.0,0.0,0.0,0.0
860,1,17,0.6,0.17647058823529413,0.2,0.058823529411764705,0.6,0.17647058823529413,0.4,0.11764705882352941
226,1,4,0.0,0.0,0.0,0.0,0.2,0.25,0.0,0.0
1169,1,4,0.2,0.25,0.2,0.25,0.2,0.25,0.2,0.25
318,1,7,0.2,0.14285714285714285,0.2,0.14285714285714285,0.2,0.14285714285714285,0.2,0.14285714285714285
550,1,10,0.2,0.1,0.2,0.1,0.2,0.1,0.2,0.1
492,1,5,0.4,0.4,0.0,0.0,0.0,0.0,0.2,0.2
279,1,8,0.0,0.0,0.2,0.125,0.2,0.125,0.2,0.125
128,1,7,0.4,0.2857142857142857,0.2,0.14285714285714285,0.2,0.14285714285714285,0.2,0.14285714285714285
723,1,10,0.4,0.2,0.2,0.1,0.4,0.2,0.4,0.2
6,1,6,0.2,0.16666666666666666,0.2,0.16666666666666666,0.2,0.16666666666666666,0.2,0.16666666666666666
964,1,8,0.0,0.0,0.0,0.0,0.0,0.0,0.0,0.0
440,1,9,0.2,0.1111111111111111,0.4,0.2222222222222222,0.4,0.2222222222222222,0.0,0.0
103,1,16,0.4,0.125,0.8,0.25,0.4,0.125,0.4,0.125
809,1,9,0.2,0.1111111111111111,0.4,0.2222222222222222,0.0,0.0,0.0,0.0
595,1,5,0.4,0.4,0.0,0.0,0.4,0.4,0.4,0.4
1124,1,9,0.0,0.0,0.6,0.3333333333333333,0.0,0.0,0.0,0.0
259,1,4,0.0,0.0,0.0,0.0,0.0,0.0,0.0,0.0
28,1,8,0.2,0.125,0.0,0.0,0.2,0.125,0.2,0.125
547,1,8,0.0,0.0,0.2,0.125,0.2,0.125,0.0,0.0
261,1,9,0.2,0.1111111111111111,0.2,0.1111111111111111,0.0,0.0,0.2,0.1111111111111111
1021,1,8,0.0,0.0,0.0,0.0,0.4,0.25,0.2,0.125
1157,1,8,0.2,0.125,0.4,0.25,0.0,0.0,0.2,0.125
209,1,7,0.0,0.0,0.0,0.0,0.0,0.0,0.0,0.0
862,1,6,0.2,0.16666666666666666,0.2,0.16666666666666666,0.4,0.3333333333333333,0.2,0.16666666666666666
850,1,9,0.6,0.3333333333333333,0.0,0.0,0.0,0.0,0.0,0.0
1053,1,7,0.0,0.0,0.2,0.14285714285714285,0.2,0.14285714285714285,0.0,0.0
623,1,8,0.0,0.0,0.0,0.0,0.4,0.25,0.2,0.125
361,1,5,0.2,0.2,0.0,0.0,0.2,0.2,0.0,0.0
700,1,13,0.6,0.23076923076923078,0.4,0.15384615384615385,0.2,0.07692307692307693,0.6,0.23076923076923078
1130,1,8,0.2,0.125,0.4,0.25,0.2,0.125,0.2,0.125
831,1,6,0.4,0.3333333333333333,0.0,0.0,0.0,0.0,0.2,0.16666666666666666
50,1,6,0.0,0.0,0.2,0.16666666666666666,0.0,0.0,0.0,0.0
1064,1,7,0.4,0.2857142857142857,0.2,0.14285714285714285,0.0,0.0,0.4,0.2857142857142857
385,1,9,0.2,0.1111111111111111,0.4,0.2222222222222222,0.2,0.1111111111111111,0.2,0.1111111111111111
716,1,5,0.2,0.2,0.0,0.0,0.2,0.2,0.4,0.4
681,1,7,0.4,0.2857142857142857,0.2,0.14285714285714285,0.2,0.14285714285714285,0.0,0.0
397,1,10,0.2,0.1,0.6,0.3,0.2,0.1,0.2,0.1
1060,1,7,0.0,0.0,0.4,0.2857142857142857,0.2,0.14285714285714285,0.0,0.0
439,1,6,0.2,0.16666666666666666,0.6,0.5,0.0,0.0,0.2,0.16666666666666666
1163,1,7,0.4,0.2857142857142857,0.2,0.14285714285714285,0.2,0.14285714285714285,0.2,0.14285714285714285
151,1,7,0.2,0.14285714285714285,0.4,0.2857142857142857,0.2,0.14285714285714285,0.4,0.2857142857142857
352,1,8,0.2,0.125,0.2,0.125,0.2,0.125,0.0,0.0
52,1,7,0.2,0.14285714285714285,0.0,0.0,0.0,0.0,0.0,0.0
82,1,6,0.2,0.16666666666666666,0.2,0.16666666666666666,0.0,0.0,0.0,0.0
1114,1,10,0.0,0.0,0.4,0.2,0.0,0.0,0.0,0.0
571,1,5,0.0,0.0,0.2,0.2,0.0,0.0,0.0,0.0
734,1,10,0.2,0.1,0.2,0.1,0.0,0.0,0.0,0.0
274,1,6,0.2,0.16666666666666666,0.2,0.16666666666666666,0.2,0.16666666666666666,0.2,0.16666666666666666
864,1,13,0.2,0.07692307692307693,0.6,0.23076923076923078,0.0,0.0,0.2,0.07692307692307693
958,1,10,0.4,0.2,0.2,0.1,0.0,0.0,0.2,0.1
384,1,8,0.0,0.0,0.4,0.25,0.0,0.0,0.0,0.0
507,1,4,0.2,0.25,0.2,0.25,0.0,0.0,0.0,0.0
917,1,7,0.2,0.14285714285714285,0.2,0.14285714285714285,0.4,0.2857142857142857,0.2,0.14285714285714285
699,1,9,0.0,0.0,0.2,0.1111111111111111,0.0,0.0,0.0,0.0
704,1,7,0.0,0.0,0.2,0.14285714285714285,0.2,0.14285714285714285,0.0,0.0
794,1,5,0.4,0.4,0.2,0.2,0.0,0.0,0.0,0.0
142,1,14,0.0,0.0,0.0,0.0,0.2,0.07142857142857142,0.2,0.07142857142857142
582,1,10,0.0,0.0,0.4,0.2,0.4,0.2,0.2,0.1
438,1,11,0.2,0.09090909090909091,0.2,0.09090909090909091,0.4,0.18181818181818182,0.2,0.09090909090909091
23,1,4,0.0,0.0,0.0,0.0,0.2,0.25,0.2,0.25
574,1,17,0.4,0.11764705882352941,0.4,0.11764705882352941,0.0,0.0,0.2,0.058823529411764705
1013,1,4,0.0,0.0,0.2,0.25,0.0,0.0,0.0,0.0
783,1,8,0.0,0.0,0.2,0.125,0.2,0.125,0.2,0.125
69,1,7,0.4,0.2857142857142857,0.2,0.14285714285714285,0.2,0.14285714285714285,0.4,0.2857142857142857
766,1,7,0.6,0.42857142857142855,0.0,0.0,0.4,0.2857142857142857,0.4,0.2857142857142857
889,1,8,0.0,0.0,0.2,0.125,0.0,0.0,0.0,0.0
760,1,6,0.2,0.16666666666666666,0.2,0.16666666666666666,0.0,0.0,0.0,0.0
1171,1,10,0.0,0.0,0.4,0.2,0.2,0.1,0.2,0.1
624,1,5,0.0,0.0,0.2,0.2,0.0,0.0,0.0,0.0
302,1,9,0.0,0.0,0.2,0.1111111111111111,0.0,0.0,0.0,0.0
694,1,17,0.4,0.11764705882352941,0.6,0.17647058823529413,0.6,0.17647058823529413,0.6,0.17647058823529413
37,1,4,0.0,0.0,0.2,0.25,0.2,0.25,0.2,0.25
411,1,5,0.0,0.0,0.0,0.0,0.2,0.2,0.2,0.2
355,1,8,0.2,0.125,0.0,0.0,0.2,0.125,0.2,0.125
333,1,7,0.2,0.14285714285714285,0.0,0.0,0.2,0.14285714285714285,0.2,0.14285714285714285
1148,1,8,0.2,0.125,0.0,0.0,0.2,0.125,0.2,0.125
175,1,6,0.0,0.0,0.2,0.16666666666666666,0.0,0.0,0.0,0.0
891,1,7,0.0,0.0,0.2,0.14285714285714285,0.0,0.0,0.2,0.14285714285714285
962,1,5,0.0,0.0,0.0,0.0,0.0,0.0,0.0,0.0
1007,1,4,0.0,0.0,0.0,0.0,0.0,0.0,0.0,0.0
102,1,10,0.0,0.0,0.2,0.1,0.2,0.1,0.2,0.1
202,1,8,0.2,0.125,0.0,0.0,0.8,0.5,0.4,0.25
1071,1,6,0.0,0.0,0.0,0.0,0.0,0.0,0.0,0.0
1099,1,6,0.4,0.3333333333333333,0.2,0.16666666666666666,0.0,0.0,0.4,0.3333333333333333
843,1,15,0.4,0.13333333333333333,0.4,0.13333333333333333,0.4,0.13333333333333333,0.6,0.2
358,1,7,0.0,0.0,0.2,0.14285714285714285,0.2,0.14285714285714285,0.0,0.0
494,1,3,0.0,0.0,0.2,0.3333333333333333,0.0,0.0,0.0,0.0
991,1,7,0.2,0.14285714285714285,0.0,0.0,0.4,0.2857142857142857,0.0,0.0
407,1,4,0.4,0.5,0.0,0.0,0.4,0.5,0.4,0.5
85,1,5,0.2,0.2,0.0,0.0,0.0,0.0,0.0,0.0
981,1,10,0.0,0.0,0.0,0.0,0.4,0.2,0.4,0.2
129,1,14,0.4,0.14285714285714285,0.4,0.14285714285714285,0.0,0.0,0.2,0.07142857142857142
177,1,9,0.4,0.2222222222222222,0.4,0.2222222222222222,0.2,0.1111111111111111,0.2,0.1111111111111111
1057,1,3,0.0,0.0,0.0,0.0,0.2,0.3333333333333333,0.0,0.0
254,1,7,0.2,0.14285714285714285,0.0,0.0,0.0,0.0,0.0,0.0
614,1,11,0.2,0.09090909090909091,0.2,0.09090909090909091,0.2,0.09090909090909091,0.4,0.18181818181818182
581,1,7,0.2,0.14285714285714285,0.2,0.14285714285714285,0.2,0.14285714285714285,0.2,0.14285714285714285
277,1,4,0.0,0.0,0.0,0.0,0.0,0.0,0.0,0.0
796,1,6,0.2,0.16666666666666666,0.2,0.16666666666666666,0.2,0.16666666666666666,0.0,0.0
939,1,10,0.0,0.0,0.2,0.1,0.4,0.2,0.0,0.0
101,1,5,0.0,0.0,0.0,0.0,0.0,0.0,0.0,0.0
600,1,7,0.0,0.0,0.0,0.0,0.2,0.14285714285714285,0.2,0.14285714285714285
451,1,10,0.0,0.0,0.0,0.0,0.2,0.1,0.2,0.1
1166,1,10,0.0,0.0,0.4,0.2,0.2,0.1,0.2,0.1
337,1,8,0.2,0.125,0.0,0.0,0.2,0.125,0.2,0.125
937,1,5,0.0,0.0,0.0,0.0,0.2,0.2,0.2,0.2
662,1,10,0.0,0.0,0.2,0.1,0.4,0.2,0.0,0.0
338,1,4,0.0,0.0,0.0,0.0,0.0,0.0,0.0,0.0
708,1,7,0.0,0.0,0.0,0.0,0.2,0.14285714285714285,0.2,0.14285714285714285
626,1,8,0.4,0.25,0.0,0.0,0.2,0.125,0.4,0.25
1133,1,4,0.0,0.0,0.0,0.0,0.2,0.25,0.2,0.25
1088,1,8,0.0,0.0,0.0,0.0,0.0,0.0,0.0,0.0
377,1,14,0.2,0.07142857142857142,0.2,0.07142857142857142,0.4,0.14285714285714285,0.2,0.07142857142857142
246,1,4,0.4,0.5,0.0,0.0,0.0,0.0,0.4,0.5
194,1,8,0.2,0.125,0.0,0.0,0.4,0.25,0.4,0.25
806,1,10,0.2,0.1,0.2,0.1,0.4,0.2,0.4,0.2
609,1,8,0.0,0.0,0.4,0.25,0.0,0.0,0.0,0.0
258,1,4,0.0,0.0,0.4,0.5,0.0,0.0,0.0,0.0
597,1,6,0.0,0.0,0.0,0.0,0.2,0.16666666666666666,0.2,0.16666666666666666
684,1,11,0.2,0.09090909090909091,0.4,0.18181818181818182,0.2,0.09090909090909091,0.2,0.09090909090909091
972,1,4,0.0,0.0,0.0,0.0,0.0,0.0,0.0,0.0
966,1,8,0.2,0.125,0.2,0.125,0.2,0.125,0.0,0.0
558,1,6,0.0,0.0,0.2,0.16666666666666666,0.0,0.0,0.0,0.0
847,1,9,0.0,0.0,0.4,0.2222222222222222,0.6,0.3333333333333333,0.6,0.3333333333333333
912,1,16,0.2,0.0625,0.6,0.1875,0.0,0.0,0.0,0.0
1155,1,7,0.0,0.0,0.0,0.0,0.0,0.0,0.0,0.0
405,1,4,0.0,0.0,0.2,0.25,0.0,0.0,0.0,0.0
515,1,6,0.2,0.16666666666666666,0.2,0.16666666666666666,0.2,0.16666666666666666,0.0,0.0
787,1,7,0.2,0.14285714285714285,0.2,0.14285714285714285,0.0,0.0,0.2,0.14285714285714285
588,1,8,0.4,0.25,0.4,0.25,0.2,0.125,0.2,0.125
1103,1,8,0.4,0.25,0.0,0.0,0.0,0.0,0.2,0.125
637,1,6,0.2,0.16666666666666666,0.0,0.0,0.4,0.3333333333333333,0.2,0.16666666666666666
178,1,9,0.4,0.2222222222222222,0.4,0.2222222222222222,0.2,0.1111111111111111,0.2,0.1111111111111111
225,1,7,0.0,0.0,0.2,0.14285714285714285,0.0,0.0,0.0,0.0
10,1,9,0.4,0.2222222222222222,0.4,0.2222222222222222,0.2,0.1111111111111111,0.4,0.2222222222222222
311,1,6,0.4,0.3333333333333333,0.0,0.0,0.0,0.0,0.6,0.5
949,1,6,0.0,0.0,0.2,0.16666666666666666,0.2,0.16666666666666666,0.2,0.16666666666666666
963,1,8,0.2,0.125,0.2,0.125,0.0,0.0,0.2,0.125
471,1,5,0.0,0.0,0.4,0.4,0.0,0.0,0.0,0.0
587,1,6,0.2,0.16666666666666666,0.0,0.0,0.2,0.16666666666666666,0.2,0.16666666666666666
351,1,8,0.0,0.0,0.0,0.0,0.2,0.125,0.0,0.0
84,1,9,0.2,0.1111111111111111,0.2,0.1111111111111111,0.2,0.1111111111111111,0.4,0.2222222222222222
813,1,9,0.2,0.1111111111111111,0.6,0.3333333333333333,0.0,0.0,0.2,0.1111111111111111
601,1,6,0.0,0.0,0.2,0.16666666666666666,0.0,0.0,0.2,0.16666666666666666
1028,1,6,0.2,0.16666666666666666,0.0,0.0,0.2,0.16666666666666666,0.2,0.16666666666666666
689,1,9,0.2,0.1111111111111111,0.2,0.1111111111111111,0.0,0.0,0.2,0.1111111111111111
266,1,9,0.2,0.1111111111111111,0.6,0.3333333333333333,0.0,0.0,0.0,0.0
1014,1,9,0.6,0.3333333333333333,0.2,0.1111111111111111,0.0,0.0,0.2,0.1111111111111111
1062,1,6,0.0,0.0,0.4,0.3333333333333333,0.4,0.3333333333333333,0.2,0.16666666666666666
775,1,6,0.0,0.0,0.2,0.16666666666666666,0.0,0.0,0.0,0.0
517,1,7,0.4,0.2857142857142857,0.8,0.5714285714285714,0.2,0.14285714285714285,0.4,0.2857142857142857
78,1,8,0.0,0.0,0.2,0.125,0.0,0.0,0.0,0.0
1168,1,6,0.4,0.3333333333333333,0.2,0.16666666666666666,0.0,0.0,0.2,0.16666666666666666
132,1,8,0.0,0.0,0.0,0.0,0.4,0.25,0.2,0.125
980,1,4,0.2,0.25,0.0,0.0,0.2,0.25,0.4,0.5
1174,1,15,0.2,0.06666666666666667,0.2,0.06666666666666667,0.2,0.06666666666666667,0.0,0.0
1069,1,9,0.6,0.3333333333333333,0.6,0.3333333333333333,0.4,0.2222222222222222,0.4,0.2222222222222222
1098,1,5,0.0,0.0,0.2,0.2,0.2,0.2,0.2,0.2
118,1,8,0.0,0.0,0.2,0.125,0.2,0.125,0.0,0.0
253,1,7,0.0,0.0,0.2,0.14285714285714285,0.0,0.0,0.2,0.14285714285714285
382,1,8,0.4,0.25,0.4,0.25,0.4,0.25,0.4,0.25
327,1,8,0.2,0.125,0.4,0.25,0.2,0.125,0.0,0.0
122,1,8,0.6,0.375,0.0,0.0,0.0,0.0,0.2,0.125
307,1,7,0.4,0.2857142857142857,0.2,0.14285714285714285,0.4,0.2857142857142857,0.2,0.14285714285714285
1090,1,6,0.4,0.3333333333333333,0.0,0.0,0.0,0.0,0.2,0.16666666666666666
618,1,8,0.2,0.125,0.0,0.0,0.6,0.375,0.4,0.25
323,1,6,0.2,0.16666666666666666,0.2,0.16666666666666666,0.0,0.0,0.0,0.0
1092,1,8,0.2,0.125,0.4,0.25,0.2,0.125,0.0,0.0
617,1,9,0.2,0.1111111111111111,0.2,0.1111111111111111,0.4,0.2222222222222222,0.4,0.2222222222222222
642,1,5,0.0,0.0,0.0,0.0,0.2,0.2,0.2,0.2
575,1,6,0.2,0.16666666666666666,0.0,0.0,0.0,0.0,0.0,0.0
71,1,5,0.0,0.0,0.2,0.2,0.0,0.0,0.0,0.0
593,1,9,0.2,0.1111111111111111,0.2,0.1111111111111111,0.2,0.1111111111111111,0.4,0.2222222222222222
219,1,6,0.2,0.16666666666666666,0.4,0.3333333333333333,0.0,0.0,0.2,0.16666666666666666
941,1,4,0.0,0.0,0.2,0.25,0.0,0.0,0.0,0.0
764,1,10,0.0,0.0,0.0,0.0,0.0,0.0,0.0,0.0
485,1,10,0.4,0.2,0.2,0.1,0.2,0.1,0.2,0.1
643,1,8,0.0,0.0,0.2,0.125,0.0,0.0,0.0,0.0
329,1,13,0.4,0.15384615384615385,0.4,0.15384615384615385,0.6,0.23076923076923078,0.4,0.15384615384615385
316,1,6,0.2,0.16666666666666666,0.4,0.3333333333333333,0.0,0.0,0.2,0.16666666666666666
709,1,4,0.2,0.25,0.0,0.0,0.0,0.0,0.0,0.0
154,1,8,0.2,0.125,0.6,0.375,0.0,0.0,0.2,0.125
296,1,7,0.0,0.0,0.0,0.0,0.2,0.14285714285714285,0.2,0.14285714285714285
216,1,5,0.2,0.2,0.0,0.0,0.0,0.0,0.0,0.0
998,1,14,0.6,0.21428571428571427,0.8,0.2857142857142857,0.4,0.14285714285714285,0.4,0.14285714285714285
1052,1,8,0.0,0.0,0.0,0.0,0.0,0.0,0.2,0.125
811,1,10,0.2,0.1,0.6,0.3,0.0,0.0,0.2,0.1
742,1,9,0.0,0.0,0.2,0.1111111111111111,0.2,0.1111111111111111,0.2,0.1111111111111111
477,1,5,0.0,0.0,0.0,0.0,0.0,0.0,0.0,0.0
399,1,7,0.2,0.14285714285714285,0.4,0.2857142857142857,0.0,0.0,0.2,0.14285714285714285
146,1,11,0.4,0.18181818181818182,0.4,0.18181818181818182,0.2,0.09090909090909091,0.0,0.0
344,1,8,0.2,0.125,0.6,0.375,0.4,0.25,0.4,0.25
33,1,14,0.6,0.21428571428571427,0.8,0.2857142857142857,0.2,0.07142857142857142,0.4,0.14285714285714285
954,1,8,0.2,0.125,0.4,0.25,0.4,0.25,0.2,0.125
542,1,13,0.4,0.15384615384615385,0.4,0.15384615384615385,0.2,0.07692307692307693,0.2,0.07692307692307693
602,1,5,0.0,0.0,0.0,0.0,0.2,0.2,0.2,0.2
769,1,9,0.4,0.2222222222222222,0.0,0.0,0.0,0.0,0.2,0.1111111111111111
345,1,6,0.0,0.0,0.0,0.0,0.0,0.0,0.0,0.0
251,1,10,0.0,0.0,0.0,0.0,0.2,0.1,0.0,0.0
995,1,7,0.0,0.0,0.0,0.0,0.2,0.14285714285714285,0.2,0.14285714285714285
503,1,4,0.0,0.0,0.2,0.25,0.0,0.0,0.2,0.25
1093,1,7,0.2,0.14285714285714285,0.0,0.0,0.2,0.14285714285714285,0.0,0.0
621,1,9,0.0,0.0,0.2,0.1111111111111111,0.2,0.1111111111111111,0.2,0.1111111111111111
825,1,8,0.0,0.0,0.4,0.25,0.2,0.125,0.2,0.125
921,1,8,0.2,0.125,0.2,0.125,0.0,0.0,0.2,0.125
768,1,9,0.4,0.2222222222222222,0.2,0.1111111111111111,0.2,0.1111111111111111,0.2,0.1111111111111111
291,1,9,0.2,0.1111111111111111,0.4,0.2222222222222222,0.6,0.3333333333333333,0.4,0.2222222222222222
125,1,9,0.2,0.1111111111111111,0.4,0.2222222222222222,0.2,0.1111111111111111,0.2,0.1111111111111111
414,1,11,0.4,0.18181818181818182,0.4,0.18181818181818182,0.0,0.0,0.2,0.09090909090909091
392,1,7,0.4,0.2857142857142857,0.2,0.14285714285714285,0.2,0.14285714285714285,0.4,0.2857142857142857
426,1,4,0.2,0.25,0.4,0.5,0.0,0.0,0.2,0.25
1016,1,7,0.4,0.2857142857142857,0.4,0.2857142857142857,0.2,0.14285714285714285,0.2,0.14285714285714285
1074,1,6,0.2,0.16666666666666666,0.2,0.16666666666666666,0.0,0.0,0.2,0.16666666666666666
479,1,7,0.2,0.14285714285714285,0.0,0.0,0.0,0.0,0.2,0.14285714285714285
424,1,9,0.2,0.1111111111111111,0.2,0.1111111111111111,0.4,0.2222222222222222,0.2,0.1111111111111111
325,1,13,0.2,0.07692307692307693,0.2,0.07692307692307693,0.0,0.0,0.0,0.0
285,1,8,0.0,0.0,0.4,0.25,0.4,0.25,0.0,0.0
982,1,7,0.4,0.2857142857142857,0.2,0.14285714285714285,0.2,0.14285714285714285,0.2,0.14285714285714285
557,1,12,0.4,0.16666666666666666,0.0,0.0,0.6,0.25,0.2,0.08333333333333333
977,1,10,0.2,0.1,0.2,0.1,0.4,0.2,0.0,0.0
701,1,7,0.2,0.14285714285714285,0.4,0.2857142857142857,0.0,0.0,0.0,0.0
513,1,7,0.6,0.42857142857142855,0.0,0.0,0.2,0.14285714285714285,0.4,0.2857142857142857
54,1,4,0.0,0.0,0.0,0.0,0.2,0.25,0.0,0.0
625,1,9,0.0,0.0,0.2,0.1111111111111111,0.2,0.1111111111111111,0.0,0.0
790,1,5,0.0,0.0,0.0,0.0,0.2,0.2,0.0,0.0
781,1,6,0.2,0.16666666666666666,0.6,0.5,0.2,0.16666666666666666,0.2,0.16666666666666666
605,1,8,0.0,0.0,0.2,0.125,0.0,0.0,0.0,0.0
577,1,9,0.2,0.1111111111111111,0.0,0.0,0.4,0.2222222222222222,0.2,0.1111111111111111
568,1,8,0.4,0.25,0.0,0.0,0.2,0.125,0.4,0.25
476,1,4,0.0,0.0,0.4,0.5,0.0,0.0,0.0,0.0
203,1,14,0.2,0.07142857142857142,0.4,0.14285714285714285,0.0,0.0,0.0,0.0
41,1,13,0.2,0.07692307692307693,0.6,0.23076923076923078,0.4,0.15384615384615385,0.2,0.07692307692307693
468,1,5,0.4,0.4,0.2,0.2,0.0,0.0,0.2,0.2
394,1,5,0.0,0.0,0.4,0.4,0.4,0.4,0.2,0.2
68,1,7,0.2,0.14285714285714285,0.0,0.0,0.0,0.0,0.2,0.14285714285714285
273,1,3,0.2,0.3333333333333333,0.2,0.3333333333333333,0.0,0.0,0.2,0.3333333333333333
281,1,4,0.0,0.0,0.2,0.25,0.0,0.0,0.0,0.0
620,1,3,0.0,0.0,0.0,0.0,0.0,0.0,0.0,0.0
55,1,9,0.2,0.1111111111111111,0.0,0.0,0.4,0.2222222222222222,0.2,0.1111111111111111
938,1,8,0.2,0.125,0.2,0.125,0.4,0.25,0.2,0.125
42,1,8,0.0,0.0,0.0,0.0,0.0,0.0,0.0,0.0
807,1,5,0.0,0.0,0.0,0.0,0.2,0.2,0.2,0.2
516,1,8,0.0,0.0,0.0,0.0,0.2,0.125,0.4,0.25
1156,1,7,0.0,0.0,0.0,0.0,0.0,0.0,0.0,0.0
604,1,6,0.4,0.3333333333333333,0.4,0.3333333333333333,0.2,0.16666666666666666,0.4,0.3333333333333333
270,1,5,0.2,0.2,0.0,0.0,0.0,0.0,0.2,0.2
1005,1,4,0.2,0.25,0.4,0.5,0.0,0.0,0.0,0.0
387,1,4,0.0,0.0,0.2,0.25,0.0,0.0,0.0,0.0
135,1,5,0.4,0.4,0.0,0.0,0.0,0.0,0.2,0.2
851,1,7,0.4,0.2857142857142857,0.4,0.2857142857142857,0.0,0.0,0.0,0.0
157,1,10,0.2,0.1,0.0,0.0,0.6,0.3,0.4,0.2
724,1,8,0.2,0.125,0.2,0.125,0.2,0.125,0.0,0.0
668,1,5,0.2,0.2,0.2,0.2,0.2,0.2,0.2,0.2
184,1,5,0.0,0.0,0.2,0.2,0.4,0.4,0.2,0.2
363,1,9,0.4,0.2222222222222222,0.2,0.1111111111111111,0.2,0.1111111111111111,0.4,0.2222222222222222
511,1,5,0.2,0.2,0.2,0.2,0.2,0.2,0.2,0.2
498,1,10,0.4,0.2,0.2,0.1,0.4,0.2,0.4,0.2
96,1,4,0.0,0.0,0.0,0.0,0.2,0.25,0.0,0.0
992,1,9,0.4,0.2222222222222222,0.6,0.3333333333333333,0.2,0.1111111111111111,0.4,0.2222222222222222
578,1,4,0.2,0.25,0.0,0.0,0.2,0.25,0.0,0.0
64,1,9,0.2,0.1111111111111111,0.2,0.1111111111111111,0.2,0.1111111111111111,0.0,0.0
483,1,10,0.0,0.0,0.2,0.1,0.2,0.1,0.2,0.1
393,1,7,0.0,0.0,0.2,0.14285714285714285,0.2,0.14285714285714285,0.2,0.14285714285714285
108,1,10,0.2,0.1,0.2,0.1,0.2,0.1,0.2,0.1
509,1,10,0.0,0.0,0.6,0.3,0.4,0.2,0.4,0.2
375,1,6,0.2,0.16666666666666666,0.0,0.0,0.0,0.0,0.2,0.16666666666666666
107,1,5,0.0,0.0,0.2,0.2,0.2,0.2,0.2,0.2
171,1,7,0.2,0.14285714285714285,0.2,0.14285714285714285,0.0,0.0,0.2,0.14285714285714285
932,1,4,0.2,0.25,0.0,0.0,0.2,0.25,0.0,0.0
720,1,5,0.0,0.0,0.2,0.2,0.2,0.2,0.0,0.0
520,1,5,0.2,0.2,0.0,0.0,0.0,0.0,0.2,0.2
87,1,6,0.0,0.0,0.4,0.3333333333333333,0.0,0.0,0.0,0.0
1158,1,8,0.4,0.25,0.2,0.125,0.0,0.0,0.4,0.25
1117,1,4,0.2,0.25,0.4,0.5,0.2,0.25,0.0,0.0
902,1,8,0.0,0.0,0.0,0.0,0.2,0.125,0.2,0.125
664,1,5,0.2,0.2,0.0,0.0,0.4,0.4,0.4,0.4
429,1,4,0.0,0.0,0.0,0.0,0.0,0.0,0.0,0.0
19,1,5,0.4,0.4,0.0,0.0,0.0,0.0,0.0,0.0
640,1,10,0.0,0.0,0.0,0.0,0.0,0.0,0.0,0.0
1154,1,8,0.4,0.25,0.2,0.125,0.0,0.0,0.2,0.125
230,1,4,0.0,0.0,0.2,0.25,0.2,0.25,0.2,0.25
1015,1,4,0.2,0.25,0.0,0.0,0.2,0.25,0.2,0.25
303,1,4,0.0,0.0,0.4,0.5,0.0,0.0,0.0,0.0
702,1,10,0.2,0.1,0.8,0.4,0.2,0.1,0.4,0.2
110,1,4,0.2,0.25,0.0,0.0,0.2,0.25,0.0,0.0
32,1,13,0.4,0.15384615384615385,0.2,0.07692307692307693,0.2,0.07692307692307693,0.4,0.15384615384615385
193,1,10,0.4,0.2,0.0,0.0,0.0,0.0,0.2,0.1
856,1,17,0.4,0.11764705882352941,0.2,0.058823529411764705,0.4,0.11764705882352941,0.2,0.058823529411764705
156,1,7,0.2,0.14285714285714285,0.0,0.0,0.0,0.0,0.2,0.14285714285714285
732,1,7,0.4,0.2857142857142857,0.2,0.14285714285714285,0.2,0.14285714285714285,0.2,0.14285714285714285
51,1,7,0.4,0.2857142857142857,0.0,0.0,0.0,0.0,0.0,0.0
445,1,10,0.4,0.2,0.2,0.1,0.0,0.0,0.2,0.1
872,1,7,0.4,0.2857142857142857,0.2,0.14285714285714285,0.0,0.0,0.0,0.0
1051,1,6,0.4,0.3333333333333333,0.2,0.16666666666666666,0.2,0.16666666666666666,0.2,0.16666666666666666
149,1,11,0.2,0.09090909090909091,0.4,0.18181818181818182,0.2,0.09090909090909091,0.2,0.09090909090909091
287,1,6,0.2,0.16666666666666666,0.2,0.16666666666666666,0.2,0.16666666666666666,0.2,0.16666666666666666
853,1,5,0.0,0.0,0.0,0.0,0.4,0.4,0.0,0.0
185,1,5,0.0,0.0,0.0,0.0,0.2,0.2,0.0,0.0
1031,1,9,0.2,0.1111111111111111,0.0,0.0,0.0,0.0,0.0,0.0
1020,1,10,0.2,0.1,0.6,0.3,0.0,0.0,0.2,0.1
1085,1,6,0.0,0.0,0.2,0.16666666666666666,0.0,0.0,0.0,0.0
773,1,9,0.2,0.1111111111111111,0.2,0.1111111111111111,0.0,0.0,0.0,0.0
330,1,4,0.0,0.0,0.2,0.25,0.0,0.0,0.0,0.0
36,1,7,0.2,0.14285714285714285,0.2,0.14285714285714285,0.0,0.0,0.2,0.14285714285714285
430,1,4,0.0,0.0,0.0,0.0,0.2,0.25,0.0,0.0
510,1,6,0.0,0.0,0.0,0.0,0.2,0.16666666666666666,0.2,0.16666666666666666
197,1,8,0.2,0.125,0.4,0.25,0.0,0.0,0.0,0.0
340,1,5,0.2,0.2,0.2,0.2,0.2,0.2,0.2,0.2
1012,1,8,0.2,0.125,0.0,0.0,0.0,0.0,0.2,0.125
86,1,5,0.0,0.0,0.0,0.0,0.4,0.4,0.2,0.2
698,1,10,0.2,0.1,0.2,0.1,0.0,0.0,0.0,0.0
608,1,4,0.0,0.0,0.2,0.25,0.0,0.0,0.0,0.0
95,1,4,0.2,0.25,0.2,0.25,0.0,0.0,0.2,0.25
629,1,4,0.0,0.0,0.0,0.0,0.0,0.0,0.0,0.0
610,1,5,0.0,0.0,0.0,0.0,0.2,0.2,0.2,0.2
1019,1,6,0.0,0.0,0.2,0.16666666666666666,0.0,0.0,0.0,0.0
158,1,8,0.2,0.125,0.2,0.125,0.0,0.0,0.0,0.0
686,1,7,0.0,0.0,0.4,0.2857142857142857,0.2,0.14285714285714285,0.0,0.0
676,1,16,0.4,0.125,0.4,0.125,0.6,0.1875,0.4,0.125
1139,1,17,0.2,0.058823529411764705,0.6,0.17647058823529413,0.0,0.0,0.2,0.058823529411764705
731,1,11,0.4,0.18181818181818182,0.6,0.2727272727272727,0.2,0.09090909090909091,0.4,0.18181818181818182
669,1,4,0.0,0.0,0.2,0.25,0.2,0.25,0.0,0.0
353,1,16,0.2,0.0625,0.2,0.0625,0.4,0.125,0.2,0.0625
888,1,8,0.0,0.0,0.0,0.0,0.4,0.25,0.4,0.25
728,1,11,0.4,0.18181818181818182,0.4,0.18181818181818182,0.2,0.09090909090909091,0.2,0.09090909090909091
898,1,11,0.0,0.0,0.2,0.09090909090909091,0.4,0.18181818181818182,0.4,0.18181818181818182
663,1,5,0.0,0.0,0.4,0.4,0.2,0.2,0.2,0.2
736,1,11,0.0,0.0,0.2,0.09090909090909091,0.0,0.0,0.0,0.0
1164,1,9,0.0,0.0,0.0,0.0,0.2,0.1111111111111111,0.2,0.1111111111111111
1127,1,9,0.4,0.2222222222222222,0.2,0.1111111111111111,0.0,0.0,0.2,0.1111111111111111
376,1,6,0.2,0.16666666666666666,0.6,0.5,0.4,0.3333333333333333,0.2,0.16666666666666666
357,1,6,0.2,0.16666666666666666,0.4,0.3333333333333333,0.2,0.16666666666666666,0.2,0.16666666666666666
1073,1,4,0.0,0.0,0.0,0.0,0.2,0.25,0.2,0.25
752,1,6,0.2,0.16666666666666666,0.2,0.16666666666666666,0.0,0.0,0.2,0.16666666666666666
798,1,6,0.2,0.16666666666666666,0.2,0.16666666666666666,0.2,0.16666666666666666,0.2,0.16666666666666666
472,1,13,0.4,0.15384615384615385,0.2,0.07692307692307693,0.2,0.07692307692307693,0.0,0.0
559,1,3,0.2,0.3333333333333333,0.2,0.3333333333333333,0.0,0.0,0.2,0.3333333333333333
968,1,7,0.0,0.0,0.2,0.14285714285714285,0.4,0.2857142857142857,0.2,0.14285714285714285
159,1,8,0.2,0.125,0.0,0.0,0.2,0.125,0.2,0.125
183,1,7,0.4,0.2857142857142857,0.0,0.0,0.0,0.0,0.2,0.14285714285714285
606,1,8,0.4,0.25,0.2,0.125,0.2,0.125,0.2,0.125
74,1,7,0.4,0.2857142857142857,0.4,0.2857142857142857,0.0,0.0,0.2,0.14285714285714285
1076,1,9,0.2,0.1111111111111111,0.0,0.0,0.4,0.2222222222222222,0.2,0.1111111111111111
1008,1,11,0.2,0.09090909090909091,0.6,0.2727272727272727,0.2,0.09090909090909091,0.2,0.09090909090909091
584,1,8,0.2,0.125,0.2,0.125,0.0,0.0,0.0,0.0
117,1,5,0.0,0.0,0.2,0.2,0.0,0.0,0.0,0.0
996,1,8,0.0,0.0,0.4,0.25,0.0,0.0,0.0,0.0
505,1,8,0.2,0.125,0.0,0.0,0.2,0.125,0.2,0.125
1040,1,4,0.0,0.0,0.0,0.0,0.0,0.0,0.2,0.25
1129,1,9,0.0,0.0,0.0,0.0,0.4,0.2222222222222222,0.2,0.1111111111111111
969,1,14,0.0,0.0,0.6,0.21428571428571427,0.4,0.14285714285714285,0.4,0.14285714285714285
408,1,15,0.4,0.13333333333333333,0.2,0.06666666666666667,0.4,0.13333333333333333,0.4,0.13333333333333333
367,1,12,0.4,0.16666666666666666,0.0,0.0,0.0,0.0,0.2,0.08333333333333333
1149,1,6,0.0,0.0,0.4,0.3333333333333333,0.4,0.3333333333333333,0.4,0.3333333333333333
823,1,9,0.0,0.0,0.2,0.1111111111111111,0.4,0.2222222222222222,0.2,0.1111111111111111
67,1,10,0.4,0.2,0.4,0.2,0.2,0.1,0.4,0.2
161,1,8,0.0,0.0,0.2,0.125,0.2,0.125,0.0,0.0
417,1,7,0.2,0.14285714285714285,0.6,0.42857142857142855,0.0,0.0,0.0,0.0
721,1,9,0.2,0.1111111111111111,0.2,0.1111111111111111,0.4,0.2222222222222222,0.2,0.1111111111111111
313,1,9,0.2,0.1111111111111111,0.2,0.1111111111111111,0.2,0.1111111111111111,0.4,0.2222222222222222
672,1,6,0.0,0.0,0.0,0.0,0.0,0.0,0.0,0.0
537,1,7,0.0,0.0,0.2,0.14285714285714285,0.0,0.0,0.0,0.0
455,1,8,0.6,0.375,0.0,0.0,0.4,0.25,0.6,0.375
100,1,5,0.0,0.0,0.0,0.0,0.0,0.0,0.0,0.0
1025,1,9,0.2,0.1111111111111111,0.4,0.2222222222222222,0.0,0.0,0.0,0.0
115,1,6,0.0,0.0,0.0,0.0,0.2,0.16666666666666666,0.2,0.16666666666666666
1162,1,3,0.0,0.0,0.0,0.0,0.2,0.3333333333333333,0.0,0.0
692,1,4,0.0,0.0,0.0,0.0,0.2,0.25,0.2,0.25
1087,1,10,0.2,0.1,0.4,0.2,0.2,0.1,0.2,0.1
365,1,6,0.2,0.16666666666666666,0.0,0.0,0.4,0.3333333333333333,0.2,0.16666666666666666
