event_id,product_id,timestamp,action_type,location,expiry_date
EVT_00000,8076809523547,2026-04-14 08:12:53.484514,IN,Refrigerador,2026-06-01
EVT_00001,20267605,2026-03-27 19:30:53.484514,OUT,Caja,
EVT_00002,3168930010265,2026-03-25 10:08:53.484514,OUT,Estantería,
EVT_00003,6111035000430,2026-04-13 23:20:53.484514,OUT,Refrigerador,
EVT_00004,7300400481595,2026-04-12 15:03:53.484514,IN,Despensa,2026-05-24
EVT_00005,5411188112709,2026-03-28 15:55:53.484514,IN,Estantería,2026-05-20
EVT_00006,3046920022606,2026-03-30 12:00:53.484514,OUT,Estantería,
EVT_00007,20267605,2026-04-06 11:58:53.484514,IN,Refrigerador,2026-05-24
EVT_00008,3046920028004,2026-04-07 17:35:53.484514,OUT,Despensa,
EVT_00009,8410376009392,2026-03-24 12:05:53.484514,OUT,Caja,
EVT_00010,8076809523547,2026-03-25 14:04:53.484514,OUT,Caja,
EVT_00011,4056489620938,2026-03-22 06:39:53.484514,IN,Caja,2026-04-26
EVT_00012,5449000000996,2026-04-08 08:51:53.484514,OUT,Caja,
EVT_00013,20005733,2026-03-30 03:50:53.484514,IN,Estantería,2026-04-26
EVT_00014,3046920029780,2026-03-20 19:53:53.484514,OUT,Estantería,
EVT_00015,20005733,2026-03-19 08:58:53.484514,OUT,Estantería,
EVT_00016,5449000214911,2026-03-25 21:20:53.484514,OUT,Refrigerador,
EVT_00017,5010029000023,2026-04-11 20:14:53.484514,IN,Refrigerador,2026-05-20
EVT_00018,5411188112709,2026-04-16 15:21:53.484514,OUT,Caja,
EVT_00019,8076809523547,2026-03-28 16:45:53.484514,IN,Despensa,2026-05-13
EVT_00020,20995553,2026-03-21 22:04:53.484514,OUT,Estantería,
EVT_00021,3033710073467,2026-04-11 02:39:53.484514,OUT,Despensa,
EVT_00022,4056489620938,2026-04-16 06:38:53.484514,OUT,Refrigerador,
EVT_00023,3760020507350,2026-04-12 18:33:53.484514,IN,Refrigerador,2026-06-13
EVT_00024,6111032001010,2026-04-01 21:06:53.484514,OUT,Caja,
EVT_00025,5411188110835,2026-04-10 11:23:53.484514,OUT,Estantería,
EVT_00026,3760020507350,2026-03-25 07:53:53.484514,OUT,Despensa,
EVT_00027,7300400481595,2026-03-26 13:48:53.484514,OUT,Caja,
EVT_00028,5411188112709,2026-04-05 05:39:53.484514,OUT,Refrigerador,
EVT_00029,3229820782560,2026-04-13 10:40:53.484514,IN,Refrigerador,2026-05-18
EVT_00030,5449000000996,2026-03-24 07:43:53.484514,IN,Estantería,2026-04-21
EVT_00031,8410376009392,2026-04-11 13:35:53.484514,OUT,Caja,
EVT_00032,6111035000430,2026-04-07 09:43:53.484514,OUT,Despensa,
EVT_00033,5010477348678,2026-03-26 02:14:53.484514,OUT,Estantería,
EVT_00034,3046920029759,2026-04-08 15:28:53.484514,OUT,Estantería,
EVT_00035,3229820769165,2026-03-26 07:07:53.484514,OUT,Caja,
EVT_00036,4056489620938,2026-04-01 13:59:53.484514,OUT,Caja,
EVT_00037,8000500310427,2026-03-27 16:33:53.484514,IN,Caja,2026-05-09
EVT_00038,3329770077003,2026-04-02 01:06:53.484514,IN,Refrigerador,2026-06-02
EVT_00039,3159470000120,2026-03-23 09:16:53.484514,IN,Estantería,2026-05-19
EVT_00040,6111032001010,2026-04-09 15:57:53.484514,IN,Despensa,2026-05-01
EVT_00041,3046920010047,2026-03-24 07:54:53.484514,OUT,Estantería,
EVT_00042,6111035000430,2026-03-30 13:51:53.484514,OUT,Despensa,
EVT_00043,20022464,2026-03-20 07:18:53.484514,OUT,Refrigerador,
EVT_00044,5449000214799,2026-04-08 08:20:53.484514,OUT,Despensa,
EVT_00045,7300400481588,2026-03-31 03:27:53.484514,IN,Refrigerador,2026-05-20
EVT_00046,3017620425035,2026-04-04 06:21:53.484514,OUT,Caja,
EVT_00047,3159470000120,2026-04-14 00:34:53.484514,OUT,Despensa,
EVT_00048,3175681105423,2026-03-19 02:21:53.484514,OUT,Estantería,
EVT_00049,3760020507350,2026-03-27 00:59:53.484514,IN,Refrigerador,2026-05-13
EVT_00050,8000500310427,2026-04-01 01:05:53.484514,OUT,Estantería,
EVT_00051,3329770077003,2026-04-16 08:47:53.484514,OUT,Estantería,
EVT_00052,3168930010265,2026-04-05 18:10:53.484514,OUT,Despensa,
EVT_00053,7300400481588,2026-04-10 14:23:53.484514,IN,Refrigerador,2026-06-04
EVT_00054,3175681105423,2026-03-20 03:20:53.484514,OUT,Refrigerador,
EVT_00055,5010029000023,2026-03-20 05:04:53.484514,OUT,Caja,
EVT_00056,5449000000996,2026-04-11 16:42:53.484514,IN,Refrigerador,2026-04-30
EVT_00057,5411188110835,2026-03-26 19:21:53.484514,IN,Caja,2026-05-01
EVT_00058,5411188124689,2026-04-11 21:46:53.484514,OUT,Caja,
EVT_00059,3033710073467,2026-03-23 08:50:53.484514,OUT,Estantería,
EVT_00060,8000500310427,2026-04-11 04:40:53.484514,IN,Refrigerador,2026-05-11
EVT_00061,3168930010265,2026-04-16 00:57:53.484514,OUT,Refrigerador,
EVT_00062,20047238,2026-03-22 09:27:53.484514,OUT,Caja,
EVT_00063,4056489620938,2026-03-20 02:04:53.484514,IN,Caja,2026-05-29
EVT_00064,3229820129488,2026-04-13 07:16:53.484514,OUT,Estantería,
EVT_00065,20724696,2026-03-24 03:40:53.484514,OUT,Refrigerador,
EVT_00066,20022464,2026-04-08 21:41:53.484514,OUT,Estantería,
EVT_00067,5411188112709,2026-03-20 20:48:53.484514,IN,Refrigerador,2026-05-29
EVT_00068,4056489007180,2026-03-18 17:28:53.484514,IN,Despensa,2026-06-13
EVT_00069,5411188112709,2026-04-10 03:49:53.484514,IN,Refrigerador,2026-05-20
EVT_00070,3017620422003,2026-03-29 04:14:53.484514,OUT,Refrigerador,
EVT_00071,5449000000996,2026-04-08 22:29:53.484514,IN,Estantería,2026-06-05
EVT_00072,3046920029780,2026-04-09 23:06:53.484514,OUT,Estantería,
EVT_00073,3046920029759,2026-03-21 05:31:53.484514,OUT,Caja,
EVT_00074,3017620425035,2026-04-14 13:30:53.484514,OUT,Estantería,
EVT_00075,3046920029780,2026-03-28 17:25:53.484514,OUT,Caja,
EVT_00076,5010477348678,2026-04-12 16:13:53.484514,OUT,Despensa,
EVT_00077,3033710073467,2026-03-21 15:13:53.484514,OUT,Despensa,
EVT_00078,7613036669146,2026-04-05 06:23:53.484514,OUT,Caja,
EVT_00079,3159470000120,2026-03-27 18:38:53.484514,OUT,Estantería,
EVT_00080,20995553,2026-03-31 03:32:53.484514,OUT,Estantería,
EVT_00081,5449000214911,2026-03-29 01:44:53.484514,OUT,Despensa,
EVT_00082,3229820769165,2026-04-04 03:22:53.484514,IN,Despensa,2026-05-07
EVT_00083,20995553,2026-04-16 01:38:53.484514,OUT,Estantería,
EVT_00084,3033710073467,2026-04-01 07:09:53.484514,OUT,Estantería,
EVT_00085,3175681105423,2026-04-11 15:01:53.484514,OUT,Caja,
EVT_00086,7622210449283,2026-03-23 14:35:53.484514,IN,Estantería,2026-05-19
EVT_00087,5411188124689,2026-04-01 23:52:53.484514,IN,Estantería,2026-04-22
EVT_00088,8425197712024,2026-04-07 06:34:53.484514,IN,Despensa,2026-05-09
EVT_00089,3168930010906,2026-04-05 15:29:53.484514,IN,Refrigerador,2026-06-14
EVT_00090,3046920010047,2026-04-03 19:39:53.484514,OUT,Despensa,
EVT_00091,8076809523547,2026-03-24 13:42:53.484514,OUT,Despensa,
EVT_00092,3017620429484,2026-03-25 07:20:53.484514,IN,Caja,2026-05-16
EVT_00093,6111032001010,2026-04-13 06:35:53.484514,IN,Refrigerador,2026-05-05
EVT_00094,3175681105423,2026-04-06 15:27:53.484514,OUT,Refrigerador,
EVT_00095,7300400481595,2026-04-16 02:20:53.484514,IN,Refrigerador,2026-05-14
EVT_00096,20267605,2026-04-15 12:04:53.484514,OUT,Caja,
EVT_00097,3229820769165,2026-04-14 23:28:53.484514,IN,Caja,2026-05-08
EVT_00098,3168930010906,2026-03-30 13:09:53.484514,IN,Estantería,2026-04-25
EVT_00099,7300400481595,2026-03-20 08:56:53.484514,IN,Caja,2026-05-04
EVT_00100,20022464,2026-04-06 17:12:53.484514,OUT,Refrigerador,
EVT_00101,3229820782560,2026-03-24 05:11:53.484514,OUT,Estantería,
EVT_00102,3159470000120,2026-04-14 20:48:53.484514,OUT,Estantería,
EVT_00103,3033710073467,2026-04-09 19:50:53.484514,OUT,Caja,
EVT_00104,3033710073467,2026-04-03 08:48:53.484514,OUT,Refrigerador,
EVT_00105,20022464,2026-03-24 06:22:53.484514,OUT,Caja,
EVT_00106,80176800,2026-03-30 01:15:53.484514,OUT,Estantería,
EVT_00107,3033710073467,2026-03-24 22:52:53.484514,IN,Despensa,2026-05-29
EVT_00108,5410041001204,2026-04-15 15:47:53.484514,IN,Despensa,2026-05-08
EVT_00109,20022464,2026-04-09 22:29:53.484514,IN,Estantería,2026-05-08
EVT_00110,5449000214911,2026-03-24 14:24:53.484514,IN,Caja,2026-06-03
EVT_00111,20022464,2026-04-02 08:31:53.484514,IN,Estantería,2026-04-22
EVT_00112,4056489007180,2026-04-01 22:02:53.484514,IN,Caja,2026-04-24
EVT_00113,5411188112709,2026-04-13 00:21:53.484514,OUT,Refrigerador,
EVT_00114,3229820782560,2026-03-21 23:11:53.484514,OUT,Despensa,
EVT_00115,5410041001204,2026-04-12 06:21:53.484514,OUT,Estantería,
EVT_00116,3229820782560,2026-04-13 11:38:53.484514,IN,Refrigerador,2026-05-23
EVT_00117,5449000214799,2026-03-21 06:51:53.484514,OUT,Caja,
EVT_00118,5410041001204,2026-03-30 10:59:53.484514,OUT,Refrigerador,
EVT_00119,3046920028004,2026-03-27 20:59:53.484514,IN,Caja,2026-06-11
EVT_00120,8425197712024,2026-04-02 07:08:53.484514,IN,Despensa,2026-04-30
EVT_00121,3046920029780,2026-04-09 17:49:53.484514,OUT,Caja,
EVT_00122,5449000000439,2026-03-24 23:57:53.484514,OUT,Estantería,
EVT_00123,59032823,2026-04-14 09:54:53.484514,IN,Refrigerador,2026-04-27
EVT_00124,3760020507350,2026-04-16 00:27:53.484514,IN,Despensa,2026-06-01
EVT_00125,4056489620938,2026-04-04 13:45:53.484514,OUT,Estantería,
EVT_00126,6111035000430,2026-04-03 22:37:53.484514,OUT,Caja,
EVT_00127,5449000214799,2026-03-20 22:42:53.484514,OUT,Despensa,
EVT_00128,3175681105423,2026-04-07 18:21:53.484514,OUT,Caja,
EVT_00129,6111035000430,2026-04-07 14:25:53.484514,IN,Refrigerador,2026-06-12
EVT_00130,8076809523547,2026-03-23 22:49:53.484514,IN,Estantería,2026-06-05
EVT_00131,8425197712024,2026-03-21 15:14:53.484514,OUT,Estantería,
EVT_00132,3329770077003,2026-04-01 19:55:53.484514,OUT,Estantería,
EVT_00133,3046920028363,2026-04-10 04:43:53.484514,OUT,Refrigerador,
EVT_00134,5010477348678,2026-03-22 20:29:53.484514,IN,Estantería,2026-06-11
EVT_00135,8410376009392,2026-04-13 19:21:53.484514,OUT,Despensa,
EVT_00136,5410041001204,2026-04-02 13:03:53.484514,OUT,Refrigerador,
EVT_00137,8715700407760,2026-04-16 08:11:53.484514,OUT,Estantería,
EVT_00138,3017620429484,2026-03-18 09:12:53.484514,IN,Estantería,2026-04-21
EVT_00139,3046920022606,2026-04-02 20:08:53.484514,OUT,Refrigerador,
EVT_00140,3168930010265,2026-03-25 06:36:53.484514,IN,Caja,2026-05-28
EVT_00141,3175681105423,2026-03-23 22:16:53.484514,OUT,Caja,
EVT_00142,6111035000430,2026-04-10 11:20:53.484514,OUT,Estantería,
EVT_00143,3046920029780,2026-03-27 21:17:53.484514,OUT,Caja,
EVT_00144,8425197712024,2026-04-12 13:44:53.484514,IN,Caja,2026-05-18
EVT_00145,3760020507350,2026-03-24 02:18:53.484514,OUT,Caja,
EVT_00146,3033710073467,2026-03-26 04:55:53.484514,IN,Despensa,2026-04-29
EVT_00147,3329770077003,2026-04-04 12:02:53.484514,OUT,Refrigerador,
EVT_00148,3175681105423,2026-04-01 05:40:53.484514,OUT,Refrigerador,
EVT_00149,20724696,2026-03-30 13:29:53.484514,OUT,Despensa,
EVT_00150,3033710073467,2026-03-24 06:11:53.484514,IN,Refrigerador,2026-05-31
EVT_00151,5411188110835,2026-03-18 16:24:53.484514,OUT,Despensa,
EVT_00152,5449000000439,2026-04-02 23:36:53.484514,OUT,Refrigerador,
EVT_00153,5411188112709,2026-04-01 19:32:53.484514,OUT,Despensa,
EVT_00154,5449000214799,2026-04-14 01:40:53.484514,IN,Despensa,2026-05-10
EVT_00155,5010477348678,2026-03-21 18:45:53.484514,IN,Estantería,2026-04-29
EVT_00156,20005733,2026-04-10 23:15:53.484514,IN,Estantería,2026-05-02
EVT_00157,20047238,2026-03-27 15:19:53.484514,OUT,Caja,
EVT_00158,8425197712024,2026-04-07 18:38:53.484514,OUT,Despensa,
EVT_00159,3017620429484,2026-04-03 21:50:53.484514,IN,Caja,2026-04-23
EVT_00160,5449000214911,2026-03-23 22:44:53.484514,IN,Despensa,2026-06-10
EVT_00161,7300400481588,2026-03-20 22:20:53.484514,OUT,Estantería,
EVT_00162,3046920029759,2026-04-01 14:48:53.484514,IN,Refrigerador,2026-05-27
EVT_00163,8000500310427,2026-03-23 05:58:53.484514,IN,Estantería,2026-05-13
EVT_00164,3159470000120,2026-03-26 16:12:53.484514,IN,Caja,2026-04-22
EVT_00165,20995553,2026-04-14 07:19:53.484514,OUT,Estantería,
EVT_00166,6111032001010,2026-03-29 19:44:53.484514,OUT,Refrigerador,
EVT_00167,7613036669146,2026-04-03 06:05:53.484514,IN,Despensa,2026-04-28
EVT_00168,5449000214911,2026-03-21 05:20:53.484514,OUT,Despensa,
EVT_00169,20022464,2026-04-14 21:48:53.484514,IN,Despensa,2026-06-06
EVT_00170,3033710073467,2026-04-05 17:50:53.484514,IN,Despensa,2026-05-02
EVT_00171,4056489620938,2026-04-05 10:18:53.484514,OUT,Caja,
EVT_00172,3168930010265,2026-03-29 02:24:53.484514,OUT,Caja,
EVT_00173,3017620422003,2026-04-16 17:26:53.484514,IN,Despensa,2026-06-07
EVT_00174,5010477348678,2026-03-25 09:24:53.484514,IN,Caja,2026-05-18
EVT_00175,3046920029759,2026-03-26 09:03:53.484514,OUT,Caja,
EVT_00176,3046920028004,2026-03-19 22:10:53.484514,OUT,Despensa,
EVT_00177,3229820129488,2026-04-12 05:42:53.484514,IN,Estantería,2026-05-21
EVT_00178,20995553,2026-04-16 10:34:53.484514,OUT,Estantería,
EVT_00179,7613036669146,2026-04-13 11:38:53.484514,IN,Estantería,2026-06-09
EVT_00180,5449000000996,2026-03-31 15:40:53.484514,IN,Estantería,2026-05-31
EVT_00181,7300400481595,2026-04-06 17:58:53.484514,OUT,Caja,
EVT_00182,3229820782560,2026-04-04 03:34:53.484514,OUT,Despensa,
EVT_00183,20022464,2026-04-15 15:57:53.484514,IN,Despensa,2026-05-20
EVT_00184,5411188110835,2026-03-27 09:21:53.484514,IN,Despensa,2026-05-18
EVT_00185,3159470000120,2026-04-15 12:26:53.484514,OUT,Estantería,
EVT_00186,3033710073467,2026-03-29 12:33:53.484514,OUT,Refrigerador,
EVT_00187,5010029000023,2026-03-20 12:09:53.484514,IN,Refrigerador,2026-05-18
EVT_00188,5411188110835,2026-03-20 18:40:53.484514,OUT,Estantería,
EVT_00189,3017620425035,2026-04-02 14:51:53.484514,OUT,Estantería,
EVT_00190,3046920029780,2026-03-20 04:23:53.484514,IN,Despensa,2026-05-29
EVT_00191,3046920010047,2026-03-29 03:09:53.484514,OUT,Estantería,
EVT_00192,20724696,2026-03-21 04:53:53.484514,IN,Estantería,2026-04-24
EVT_00193,8425197712024,2026-04-06 19:49:53.484514,IN,Estantería,2026-05-05
EVT_00194,3175681105423,2026-04-01 14:33:53.484514,IN,Refrigerador,2026-06-12
EVT_00195,20005733,2026-04-14 17:07:53.484514,IN,Estantería,2026-05-08
EVT_00196,80176800,2026-04-11 21:36:53.484514,OUT,Estantería,
EVT_00197,3046920010047,2026-04-05 20:08:53.484514,OUT,Caja,
EVT_00198,4056489620938,2026-04-09 11:58:53.484514,IN,Refrigerador,2026-05-28
EVT_00199,7300400481588,2026-04-09 05:36:53.484514,OUT,Caja,
EVT_00200,5449000000439,2026-04-10 13:44:53.484514,IN,Caja,2026-05-13
EVT_00201,20267605,2026-03-29 17:14:53.484514,OUT,Caja,
EVT_00202,3017620429484,2026-04-15 07:03:53.484514,IN,Estantería,2026-05-25
EVT_00203,8000500310427,2026-03-24 07:13:53.484514,IN,Despensa,2026-05-30
EVT_00204,3229820769165,2026-03-22 20:58:53.484514,IN,Caja,2026-05-05
EVT_00205,3017620429484,2026-03-20 11:32:53.484514,OUT,Despensa,
EVT_00206,5411188110835,2026-04-08 17:05:53.484514,OUT,Despensa,
EVT_00207,6111032001010,2026-04-01 09:42:53.484514,IN,Refrigerador,2026-06-04
EVT_00208,5411188110835,2026-04-16 15:23:53.484514,OUT,Estantería,
EVT_00209,7300400481595,2026-03-28 03:04:53.484514,IN,Despensa,2026-04-23
EVT_00210,3046920029759,2026-04-11 09:03:53.484514,IN,Estantería,2026-05-07
EVT_00211,3229820129488,2026-03-30 21:00:53.484514,IN,Estantería,2026-05-12
EVT_00212,3229820129488,2026-03-20 08:46:53.484514,OUT,Caja,
EVT_00213,3175681105423,2026-03-28 17:15:53.484514,IN,Caja,2026-06-11
EVT_00214,7622210449283,2026-04-02 15:43:53.484514,IN,Caja,2026-06-04
EVT_00215,3046920028363,2026-04-02 08:20:53.484514,OUT,Despensa,
EVT_00216,3017620422003,2026-03-24 21:30:53.484514,OUT,Despensa,
EVT_00217,6111035000430,2026-04-01 23:07:53.484514,IN,Caja,2026-05-24
EVT_00218,3017620422003,2026-03-24 18:04:53.484514,OUT,Refrigerador,
EVT_00219,3760020507350,2026-04-07 18:26:53.484514,OUT,Estantería,
EVT_00220,3329770077003,2026-04-14 23:50:53.484514,OUT,Estantería,
EVT_00221,8425197712024,2026-04-11 15:49:53.484514,OUT,Caja,
EVT_00222,5010029000023,2026-04-04 09:56:53.484514,IN,Estantería,2026-05-06
EVT_00223,80176800,2026-04-01 01:02:53.484514,OUT,Despensa,
EVT_00224,4056489007180,2026-04-15 19:09:53.484514,OUT,Refrigerador,
EVT_00225,20724696,2026-04-08 08:15:53.484514,OUT,Despensa,
EVT_00226,4056489620938,2026-04-14 07:52:53.484514,IN,Caja,2026-04-26
EVT_00227,20047238,2026-03-23 16:47:53.484514,OUT,Refrigerador,
EVT_00228,8076809523547,2026-04-13 10:48:53.484514,IN,Estantería,2026-05-18
EVT_00229,6111035000430,2026-04-14 14:52:53.484514,OUT,Estantería,
EVT_00230,7300400481588,2026-03-17 23:04:53.484514,OUT,Caja,
EVT_00231,3229820129488,2026-03-23 09:55:53.484514,IN,Refrigerador,2026-05-11
EVT_00232,6111032001010,2026-04-16 18:23:53.484514,OUT,Refrigerador,
EVT_00233,3159470000120,2026-04-01 13:36:53.484514,OUT,Estantería,
EVT_00234,20022464,2026-04-05 22:09:53.484514,OUT,Refrigerador,
EVT_00235,5449000000439,2026-04-15 12:50:53.484514,OUT,Estantería,
EVT_00236,3168930010906,2026-03-17 21:30:53.484514,IN,Estantería,2026-06-12
EVT_00237,5449000000439,2026-04-14 22:55:53.484514,OUT,Refrigerador,
EVT_00238,5449000214911,2026-03-31 23:42:53.484514,IN,Despensa,2026-04-21
EVT_00239,3229820782560,2026-03-31 11:17:53.484514,IN,Despensa,2026-05-19
EVT_00240,80176800,2026-04-05 05:09:53.484514,OUT,Caja,
EVT_00241,3046920028363,2026-04-09 14:42:53.484514,OUT,Estantería,
EVT_00242,3046920029759,2026-03-29 03:49:53.484514,OUT,Caja,
EVT_00243,3329770077003,2026-03-27 00:39:53.484514,IN,Estantería,2026-05-10
EVT_00244,8425197712024,2026-04-05 14:49:53.484514,IN,Caja,2026-05-20
EVT_00245,5010477348678,2026-04-10 02:43:53.484514,OUT,Estantería,
EVT_00246,20022464,2026-04-06 17:16:53.484514,OUT,Despensa,
EVT_00247,5449000214799,2026-04-14 17:03:53.484514,IN,Refrigerador,2026-06-01
EVT_00248,7613036669146,2026-03-26 05:36:53.484514,IN,Despensa,2026-04-25
EVT_00249,20995553,2026-04-02 12:00:53.484514,OUT,Refrigerador,
EVT_00250,20267605,2026-03-29 20:42:53.484514,OUT,Caja,
EVT_00251,59032823,2026-03-25 11:57:53.484514,OUT,Despensa,
EVT_00252,5411188110835,2026-03-17 21:45:53.484514,OUT,Refrigerador,
EVT_00253,5449000000996,2026-04-05 22:27:53.484514,OUT,Despensa,
EVT_00254,5411188110835,2026-03-29 23:55:53.484514,OUT,Despensa,
EVT_00255,4056489007180,2026-04-16 11:49:53.484514,IN,Despensa,2026-05-17
EVT_00256,6111035000430,2026-04-07 15:27:53.484514,OUT,Caja,
EVT_00257,59032823,2026-04-04 09:07:53.484514,IN,Refrigerador,2026-04-26
EVT_00258,3046920022606,2026-03-18 03:52:53.484514,OUT,Caja,
EVT_00259,3046920029759,2026-04-14 22:09:53.484514,OUT,Refrigerador,
EVT_00260,6111032001010,2026-03-20 18:17:53.484514,OUT,Estantería,
EVT_00261,3046920010047,2026-03-31 14:19:53.484514,IN,Caja,2026-06-05
EVT_00262,5010029000023,2026-03-24 22:30:53.484514,OUT,Refrigerador,
EVT_00263,8410376009392,2026-04-01 18:44:53.484514,IN,Caja,2026-04-21
EVT_00264,3046920029759,2026-04-02 10:56:53.484514,OUT,Despensa,
EVT_00265,20267605,2026-03-23 16:04:53.484514,OUT,Refrigerador,
EVT_00266,3229820769165,2026-03-30 13:44:53.484514,OUT,Estantería,
EVT_00267,3046920028004,2026-04-16 15:55:53.484514,OUT,Caja,
EVT_00268,3017620425035,2026-03-26 20:04:53.484514,IN,Caja,2026-05-06
EVT_00269,4056489007180,2026-03-31 06:48:53.484514,IN,Estantería,2026-05-02
EVT_00270,3046920010047,2026-04-11 23:10:53.484514,OUT,Refrigerador,
EVT_00271,20267605,2026-04-08 11:23:53.484514,OUT,Estantería,
EVT_00272,5411188110835,2026-03-23 09:23:53.484514,IN,Despensa,2026-04-29
EVT_00273,20995553,2026-04-06 18:49:53.484514,OUT,Despensa,
EVT_00274,3046920029759,2026-03-20 13:19:53.484514,OUT,Despensa,
EVT_00275,3046920022606,2026-04-08 20:31:53.484514,IN,Refrigerador,2026-05-05
EVT_00276,3046920029780,2026-04-16 03:33:53.484514,IN,Refrigerador,2026-05-31
EVT_00277,20047238,2026-03-31 14:18:53.484514,OUT,Refrigerador,
EVT_00278,5449000214911,2026-04-14 09:28:53.484514,OUT,Despensa,
EVT_00279,3168930010265,2026-03-31 01:00:53.484514,OUT,Caja,
EVT_00280,3046920022606,2026-03-20 21:55:53.484514,IN,Estantería,2026-06-05
EVT_00281,3046920022606,2026-04-09 11:36:53.484514,IN,Estantería,2026-06-06
EVT_00282,80176800,2026-04-07 13:21:53.484514,OUT,Despensa,
EVT_00283,3760020507350,2026-04-12 22:55:53.484514,IN,Caja,2026-06-06
EVT_00284,20995553,2026-03-27 03:10:53.484514,IN,Despensa,2026-05-12
EVT_00285,5449000000996,2026-03-28 15:25:53.484514,OUT,Refrigerador,
EVT_00286,8000500310427,2026-04-03 03:47:53.484514,OUT,Despensa,
EVT_00287,3229820769165,2026-04-13 16:31:53.484514,IN,Caja,2026-06-01
EVT_00288,20267605,2026-03-21 02:30:53.484514,OUT,Refrigerador,
EVT_00289,8410376009392,2026-04-12 10:53:53.484514,IN,Despensa,2026-04-27
EVT_00290,3159470000120,2026-03-26 18:28:53.484514,IN,Refrigerador,2026-05-13
EVT_00291,5411188112709,2026-03-21 05:14:53.484514,IN,Despensa,2026-05-07
EVT_00292,4056489620938,2026-04-11 08:34:53.484514,OUT,Estantería,
EVT_00293,5010029000023,2026-03-25 17:00:53.484514,OUT,Caja,
EVT_00294,20724696,2026-04-08 17:10:53.484514,IN,Caja,2026-05-07
EVT_00295,7622210449283,2026-04-12 14:24:53.484514,IN,Refrigerador,2026-04-26
EVT_00296,8076809523547,2026-03-20 15:20:53.484514,OUT,Refrigerador,
EVT_00297,5449000000996,2026-03-31 22:51:53.484514,OUT,Refrigerador,
EVT_00298,80176800,2026-03-30 02:21:53.484514,OUT,Estantería,
EVT_00299,8425197712024,2026-03-21 22:17:53.484514,OUT,Refrigerador,
EVT_00300,5411188110835,2026-03-29 17:40:53.484514,IN,Caja,2026-05-23
EVT_00301,8000500310427,2026-03-22 20:22:53.484514,OUT,Caja,
EVT_00302,6111032001010,2026-04-01 09:32:53.484514,OUT,Estantería,
EVT_00303,3229820782560,2026-03-18 18:55:53.484514,IN,Caja,2026-05-15
EVT_00304,7300400481595,2026-03-20 04:17:53.484514,OUT,Despensa,
EVT_00305,3229820769165,2026-03-22 07:25:53.484514,IN,Caja,2026-05-19
EVT_00306,3046920010047,2026-04-04 22:53:53.484514,OUT,Caja,
EVT_00307,5010477348678,2026-04-02 22:36:53.484514,OUT,Despensa,
EVT_00308,7300400481588,2026-04-09 19:37:53.484514,OUT,Estantería,
EVT_00309,8076809523547,2026-04-10 04:49:53.484514,IN,Estantería,2026-04-22
EVT_00310,6111035000430,2026-03-23 07:24:53.484514,OUT,Despensa,
EVT_00311,3017620425035,2026-04-13 07:46:53.484514,IN,Estantería,2026-05-31
EVT_00312,4056489007180,2026-04-15 09:49:53.484514,IN,Estantería,2026-06-13
EVT_00313,80176800,2026-04-07 04:10:53.484514,OUT,Despensa,
EVT_00314,20724696,2026-03-30 02:22:53.484514,IN,Refrigerador,2026-04-23
EVT_00315,3017620422003,2026-04-10 20:55:53.484514,OUT,Refrigerador,
EVT_00316,3229820769165,2026-03-28 13:13:53.484514,IN,Estantería,2026-05-12
EVT_00317,6111035000430,2026-04-11 18:42:53.484514,OUT,Refrigerador,
EVT_00318,7613036669146,2026-03-25 05:01:53.484514,OUT,Refrigerador,
EVT_00319,3033710073467,2026-04-16 13:54:53.484514,OUT,Estantería,
EVT_00320,7622210449283,2026-04-01 06:39:53.484514,OUT,Refrigerador,
EVT_00321,4056489007180,2026-04-13 08:08:53.484514,OUT,Refrigerador,
EVT_00322,3760020507350,2026-03-23 01:37:53.484514,OUT,Refrigerador,
EVT_00323,20047238,2026-04-05 10:50:53.484514,IN,Caja,2026-04-24
EVT_00324,3046920010047,2026-03-28 04:39:53.484514,OUT,Despensa,
EVT_00325,3046920029759,2026-04-14 22:33:53.484514,OUT,Refrigerador,
EVT_00326,7622210449283,2026-03-31 10:25:53.484514,IN,Refrigerador,2026-05-31
EVT_00327,8715700407760,2026-03-24 02:53:53.484514,OUT,Despensa,
EVT_00328,8715700407760,2026-04-07 13:46:53.484514,IN,Estantería,2026-05-06
EVT_00329,3229820782560,2026-04-06 14:36:53.484514,OUT,Despensa,
EVT_00330,5449000214799,2026-03-25 02:10:53.484514,OUT,Caja,
EVT_00331,7613036669146,2026-03-26 08:18:53.484514,OUT,Estantería,
EVT_00332,80176800,2026-03-27 11:08:53.484514,OUT,Despensa,
EVT_00333,3046920010047,2026-04-11 21:29:53.484514,OUT,Caja,
EVT_00334,8410376009392,2026-04-11 17:14:53.484514,OUT,Estantería,
EVT_00335,59032823,2026-03-27 10:42:53.484514,OUT,Despensa,
EVT_00336,5411188124689,2026-03-18 01:16:53.484514,OUT,Refrigerador,
EVT_00337,20995553,2026-04-12 08:26:53.484514,IN,Refrigerador,2026-04-27
EVT_00338,3329770077003,2026-03-25 11:18:53.484514,OUT,Estantería,
EVT_00339,3017620429484,2026-04-15 23:39:53.484514,OUT,Estantería,
EVT_00340,20995553,2026-04-10 07:36:53.484514,OUT,Estantería,
EVT_00341,3046920029759,2026-04-14 12:19:53.484514,OUT,Despensa,
EVT_00342,3229820782560,2026-04-12 21:25:53.484514,IN,Refrigerador,2026-05-23
EVT_00343,6111035000430,2026-04-14 20:17:53.484514,OUT,Caja,
EVT_00344,5449000214799,2026-04-13 22:09:53.484514,IN,Estantería,2026-05-30
EVT_00345,5010029000023,2026-04-02 03:49:53.484514,IN,Refrigerador,2026-05-15
EVT_00346,3017620422003,2026-03-29 05:32:53.484514,OUT,Despensa,
EVT_00347,59032823,2026-03-31 14:06:53.484514,OUT,Estantería,
EVT_00348,3017620429484,2026-04-14 05:18:53.484514,OUT,Caja,
EVT_00349,20724696,2026-04-15 01:53:53.484514,IN,Estantería,2026-06-09
EVT_00350,20022464,2026-04-14 10:34:53.484514,IN,Estantería,2026-05-19
EVT_00351,7622210449283,2026-03-21 08:03:53.484514,OUT,Estantería,
EVT_00352,3046920028363,2026-04-15 04:49:53.484514,OUT,Refrigerador,
EVT_00353,6111035000430,2026-03-25 07:30:53.484514,OUT,Caja,
EVT_00354,20267605,2026-04-16 07:39:53.484514,IN,Despensa,2026-05-29
EVT_00355,8000500310427,2026-03-21 17:58:53.484514,OUT,Estantería,
EVT_00356,3046920010047,2026-03-22 19:44:53.484514,OUT,Caja,
EVT_00357,3229820769165,2026-03-30 07:24:53.484514,OUT,Despensa,
EVT_00358,5449000214911,2026-04-10 10:52:53.484514,OUT,Refrigerador,
EVT_00359,3168930010265,2026-04-13 14:50:53.484514,IN,Despensa,2026-05-02
EVT_00360,20724696,2026-04-03 12:16:53.484514,OUT,Caja,
EVT_00361,3017620429484,2026-04-08 01:55:53.484514,OUT,Refrigerador,
EVT_00362,3046920010047,2026-04-09 15:07:53.484514,IN,Despensa,2026-05-22
EVT_00363,8715700407760,2026-04-13 23:39:53.484514,IN,Caja,2026-04-23
EVT_00364,8715700407760,2026-04-03 05:55:53.484514,OUT,Caja,
EVT_00365,3159470000120,2026-03-30 02:59:53.484514,OUT,Despensa,
EVT_00366,7300400481588,2026-04-14 23:21:53.484514,IN,Estantería,2026-04-26
EVT_00367,7300400481595,2026-03-26 18:02:53.484514,IN,Despensa,2026-04-26
EVT_00368,3168930010906,2026-04-14 19:19:53.484514,IN,Refrigerador,2026-04-28
EVT_00369,3168930010906,2026-04-10 17:21:53.484514,OUT,Refrigerador,
EVT_00370,3168930010906,2026-03-24 18:37:53.484514,OUT,Caja,
EVT_00371,3046920029780,2026-04-11 00:51:53.484514,OUT,Despensa,
EVT_00372,20995553,2026-04-07 02:42:53.484514,OUT,Estantería,
EVT_00373,5449000214911,2026-03-19 15:03:53.484514,IN,Despensa,2026-05-16
EVT_00374,5449000214911,2026-04-13 04:57:53.484514,IN,Despensa,2026-05-11
EVT_00375,3046920029780,2026-03-20 19:21:53.484514,IN,Estantería,2026-05-03
EVT_00376,20995553,2026-03-18 08:28:53.484514,OUT,Caja,
EVT_00377,5410041001204,2026-04-14 00:32:53.484514,OUT,Estantería,
EVT_00378,3046920028004,2026-04-13 18:57:53.484514,OUT,Refrigerador,
EVT_00379,4056489007180,2026-03-22 09:23:53.484514,IN,Estantería,2026-06-09
EVT_00380,7622210449283,2026-03-24 07:06:53.484514,OUT,Estantería,
EVT_00381,8410376009392,2026-04-10 03:38:53.484514,OUT,Caja,
EVT_00382,7613036669146,2026-03-25 16:42:53.484514,OUT,Caja,
EVT_00383,3229820782560,2026-04-13 05:57:53.484514,OUT,Caja,
EVT_00384,8410376009392,2026-04-03 18:23:53.484514,IN,Refrigerador,2026-05-26
EVT_00385,5449000000996,2026-04-15 00:45:53.484514,OUT,Refrigerador,
EVT_00386,20005733,2026-04-02 12:44:53.484514,OUT,Refrigerador,
EVT_00387,4056489620938,2026-04-12 13:11:53.484514,OUT,Despensa,
EVT_00388,5410041001204,2026-03-29 08:33:53.484514,OUT,Despensa,
EVT_00389,5411188112709,2026-04-02 16:14:53.484514,OUT,Refrigerador,
EVT_00390,3033710073467,2026-04-05 00:20:53.484514,IN,Despensa,2026-04-21
EVT_00391,3329770077003,2026-04-02 06:25:53.484514,OUT,Despensa,
EVT_00392,59032823,2026-04-12 09:55:53.484514,OUT,Despensa,
EVT_00393,3760020507350,2026-04-09 09:06:53.484514,OUT,Refrigerador,
EVT_00394,5411188110835,2026-04-03 20:31:53.484514,IN,Estantería,2026-06-02
EVT_00395,3229820129488,2026-04-09 14:28:53.484514,OUT,Estantería,
EVT_00396,8076809523547,2026-04-15 10:16:53.484514,OUT,Refrigerador,
EVT_00397,20005733,2026-03-25 06:36:53.484514,IN,Refrigerador,2026-06-06
EVT_00398,20995553,2026-03-21 06:11:53.484514,IN,Despensa,2026-05-20
EVT_00399,7613036669146,2026-03-20 13:11:53.484514,OUT,Despensa,
EVT_00400,3046920022606,2026-04-16 13:00:53.484514,OUT,Estantería,
EVT_00401,5411188112709,2026-04-07 06:10:53.484514,OUT,Estantería,
EVT_00402,8425197712024,2026-03-20 05:54:53.484514,OUT,Caja,
EVT_00403,3168930010906,2026-04-04 16:58:53.484514,IN,Despensa,2026-05-01
EVT_00404,20995553,2026-03-18 12:52:53.484514,OUT,Estantería,
EVT_00405,7613036669146,2026-04-05 21:38:53.484514,OUT,Estantería,
EVT_00406,3046920010047,2026-04-01 04:27:53.484514,IN,Estantería,2026-05-20
EVT_00407,8000500310427,2026-04-13 00:18:53.484514,OUT,Caja,
EVT_00408,3046920029759,2026-03-25 07:08:53.484514,OUT,Caja,
EVT_00409,3017620429484,2026-03-26 04:22:53.484514,IN,Despensa,2026-06-09
EVT_00410,4056489007180,2026-03-26 09:45:53.484514,OUT,Despensa,
EVT_00411,5410041001204,2026-04-11 20:18:53.484514,OUT,Despensa,
EVT_00412,3046920028363,2026-04-15 17:17:53.484514,IN,Despensa,2026-04-30
EVT_00413,5449000214799,2026-03-22 19:03:53.484514,IN,Caja,2026-05-07
EVT_00414,20995553,2026-03-23 04:40:53.484514,IN,Despensa,2026-05-05
EVT_00415,8715700407760,2026-04-15 23:39:53.484514,IN,Caja,2026-05-03
EVT_00416,3229820782560,2026-04-15 08:22:53.484514,IN,Despensa,2026-06-13
EVT_00417,5449000000439,2026-03-21 21:14:53.484514,OUT,Estantería,
EVT_00418,8410376009392,2026-04-09 10:29:53.484514,OUT,Despensa,
EVT_00419,3017620422003,2026-03-29 09:14:53.484514,OUT,Caja,
EVT_00420,3175681105423,2026-04-05 17:29:53.484514,OUT,Despensa,
EVT_00421,3229820782560,2026-04-08 20:48:53.484514,OUT,Despensa,
EVT_00422,20267605,2026-04-09 18:45:53.484514,OUT,Estantería,
EVT_00423,5010029000023,2026-03-22 17:59:53.484514,OUT,Despensa,
EVT_00424,3329770077003,2026-03-25 23:52:53.484514,IN,Caja,2026-04-28
EVT_00425,5411188112709,2026-04-09 08:25:53.484514,OUT,Refrigerador,
EVT_00426,4056489007180,2026-03-30 09:32:53.484514,IN,Despensa,2026-05-14
EVT_00427,3229820129488,2026-03-20 00:46:53.484514,OUT,Estantería,
EVT_00428,3046920029780,2026-04-04 17:14:53.484514,OUT,Refrigerador,
EVT_00429,3046920028363,2026-03-23 07:01:53.484514,IN,Estantería,2026-06-07
EVT_00430,3168930010906,2026-04-08 11:33:53.484514,OUT,Refrigerador,
EVT_00431,5010029000023,2026-03-31 01:17:53.484514,IN,Estantería,2026-04-30
EVT_00432,5411188110835,2026-04-01 05:12:53.484514,OUT,Despensa,
EVT_00433,3046920010047,2026-03-30 00:50:53.484514,OUT,Refrigerador,
EVT_00434,3046920010047,2026-03-19 15:50:53.484514,IN,Estantería,2026-06-01
EVT_00435,5449000214911,2026-04-04 14:50:53.484514,OUT,Caja,
EVT_00436,3033710073467,2026-03-20 18:17:53.484514,OUT,Despensa,
EVT_00437,80176800,2026-03-28 07:35:53.484514,OUT,Caja,
EVT_00438,5410041001204,2026-04-06 20:13:53.484514,IN,Refrigerador,2026-06-13
EVT_00439,8000500310427,2026-03-31 01:52:53.484514,OUT,Despensa,
EVT_00440,20005733,2026-04-11 10:22:53.484514,OUT,Refrigerador,
EVT_00441,3159470000120,2026-04-03 16:46:53.484514,OUT,Despensa,
EVT_00442,7300400481595,2026-04-10 21:54:53.484514,OUT,Refrigerador,
EVT_00443,3760020507350,2026-03-24 23:31:53.484514,OUT,Estantería,
EVT_00444,59032823,2026-04-07 22:43:53.484514,OUT,Estantería,
EVT_00445,3017620429484,2026-03-21 20:37:53.484514,OUT,Despensa,
EVT_00446,3046920028363,2026-04-04 14:20:53.484514,OUT,Caja,
EVT_00447,20005733,2026-03-22 09:54:53.484514,IN,Refrigerador,2026-06-09
EVT_00448,20022464,2026-04-14 01:53:53.484514,OUT,Caja,
EVT_00449,5411188124689,2026-03-25 00:49:53.484514,OUT,Caja,
EVT_00450,20724696,2026-03-26 13:45:53.484514,IN,Caja,2026-05-02
EVT_00451,3017620429484,2026-04-02 10:41:53.484514,OUT,Refrigerador,
EVT_00452,3175681105423,2026-04-01 04:08:53.484514,OUT,Caja,
EVT_00453,3046920028363,2026-04-09 21:33:53.484514,IN,Refrigerador,2026-04-29
EVT_00454,3046920028363,2026-04-01 19:37:53.484514,OUT,Caja,
EVT_00455,20022464,2026-04-08 19:38:53.484514,OUT,Refrigerador,
EVT_00456,3046920029780,2026-03-21 13:02:53.484514,IN,Refrigerador,2026-06-07
EVT_00457,3168930010265,2026-03-23 06:58:53.484514,IN,Estantería,2026-05-15
EVT_00458,4056489620938,2026-03-19 00:49:53.484514,IN,Refrigerador,2026-04-27
EVT_00459,3760020507350,2026-03-30 10:43:53.484514,OUT,Caja,
EVT_00460,5411188112709,2026-03-22 11:40:53.484514,IN,Refrigerador,2026-05-22
EVT_00461,20047238,2026-04-16 14:13:53.484514,OUT,Despensa,
EVT_00462,20995553,2026-03-22 06:05:53.484514,IN,Estantería,2026-06-10
EVT_00463,80176800,2026-04-03 18:31:53.484514,OUT,Refrigerador,
EVT_00464,7613036669146,2026-03-24 03:04:53.484514,OUT,Despensa,
EVT_00465,5010029000023,2026-03-19 16:01:53.484514,OUT,Refrigerador,
EVT_00466,3017620425035,2026-03-31 02:57:53.484514,OUT,Estantería,
EVT_00467,5449000214799,2026-03-24 15:57:53.484514,IN,Estantería,2026-06-13
EVT_00468,20267605,2026-04-11 04:20:53.484514,IN,Refrigerador,2026-05-16
EVT_00469,8425197712024,2026-03-24 03:59:53.484514,IN,Refrigerador,2026-04-28
EVT_00470,3168930010265,2026-04-09 21:13:53.484514,IN,Despensa,2026-04-21
EVT_00471,20047238,2026-04-05 18:07:53.484514,IN,Despensa,2026-05-29
EVT_00472,3229820129488,2026-03-27 04:18:53.484514,OUT,Refrigerador,
EVT_00473,6111032001010,2026-04-07 22:45:53.484514,OUT,Estantería,
EVT_00474,5411188124689,2026-04-05 21:53:53.484514,IN,Estantería,2026-05-25
EVT_00475,3046920028004,2026-04-01 16:05:53.484514,IN,Despensa,2026-05-13
EVT_00476,6111035000430,2026-03-19 09:29:53.484514,IN,Estantería,2026-06-03
EVT_00477,6111032001010,2026-03-25 16:15:53.484514,OUT,Despensa,
EVT_00478,5411188110835,2026-03-31 13:18:53.484514,OUT,Caja,
EVT_00479,3046920029759,2026-04-14 01:07:53.484514,IN,Refrigerador,2026-06-13
EVT_00480,7622210449283,2026-03-28 11:27:53.484514,IN,Caja,2026-06-04
EVT_00481,4056489620938,2026-04-07 21:29:53.484514,OUT,Despensa,
EVT_00482,3017620422003,2026-04-10 11:16:53.484514,OUT,Estantería,
EVT_00483,20022464,2026-03-23 18:20:53.484514,OUT,Caja,
EVT_00484,3046920022606,2026-04-06 16:48:53.484514,OUT,Despensa,
EVT_00485,20724696,2026-04-13 05:22:53.484514,IN,Caja,2026-05-30
EVT_00486,3046920010047,2026-04-04 14:08:53.484514,IN,Caja,2026-05-23
EVT_00487,8410376009392,2026-03-29 04:31:53.484514,IN,Estantería,2026-05-07
EVT_00488,20005733,2026-04-09 14:36:53.484514,IN,Refrigerador,2026-05-10
EVT_00489,3046920028004,2026-04-15 10:44:53.484514,IN,Refrigerador,2026-05-24
EVT_00490,3017620429484,2026-04-14 20:23:53.484514,OUT,Despensa,
EVT_00491,3168930010906,2026-04-11 04:26:53.484514,OUT,Refrigerador,
EVT_00492,3175681105423,2026-03-22 17:46:53.484514,OUT,Caja,
EVT_00493,20995553,2026-03-19 11:20:53.484514,OUT,Refrigerador,
EVT_00494,7613036669146,2026-03-20 22:45:53.484514,IN,Despensa,2026-04-23
EVT_00495,59032823,2026-04-06 11:16:53.484514,OUT,Refrigerador,
EVT_00496,3175681105423,2026-04-10 21:57:53.484514,OUT,Refrigerador,
EVT_00497,3046920029780,2026-03-22 01:03:53.484514,IN,Despensa,2026-05-30
EVT_00498,80176800,2026-03-31 18:22:53.484514,IN,Despensa,2026-05-01
EVT_00499,8715700407760,2026-03-28 15:15:53.484514,OUT,Caja,
EVT_00500,3033710073467,2026-04-06 10:09:53.484514,OUT,Despensa,
EVT_00501,3046920029759,2026-03-24 02:48:53.484514,OUT,Caja,
EVT_00502,3033710073467,2026-03-26 09:33:53.484514,IN,Caja,2026-06-13
EVT_00503,20267605,2026-04-03 15:23:53.484514,IN,Refrigerador,2026-05-09
EVT_00504,5449000214911,2026-03-28 20:32:53.484514,OUT,Refrigerador,
EVT_00505,3046920022606,2026-03-28 16:34:53.484514,IN,Despensa,2026-05-04
EVT_00506,3017620429484,2026-03-25 10:26:53.484514,OUT,Despensa,
EVT_00507,8410376009392,2026-03-19 05:53:53.484514,OUT,Refrigerador,
EVT_00508,4056489007180,2026-04-10 08:41:53.484514,OUT,Refrigerador,
EVT_00509,8076809523547,2026-03-29 23:54:53.484514,OUT,Estantería,
EVT_00510,8715700407760,2026-04-13 01:35:53.484514,OUT,Caja,
EVT_00511,5449000214799,2026-04-08 10:07:53.484514,OUT,Estantería,
EVT_00512,3329770077003,2026-03-22 07:27:53.484514,IN,Despensa,2026-05-28
EVT_00513,20005733,2026-04-15 20:09:53.484514,OUT,Caja,
EVT_00514,7300400481588,2026-04-10 15:28:53.484514,IN,Refrigerador,2026-06-09
EVT_00515,3229820782560,2026-03-30 15:11:53.484514,OUT,Despensa,
EVT_00516,3229820129488,2026-03-20 06:02:53.484514,OUT,Refrigerador,
EVT_00517,3046920028004,2026-03-20 18:54:53.484514,OUT,Caja,
EVT_00518,3017620422003,2026-04-03 04:17:53.484514,OUT,Estantería,
EVT_00519,7622210449283,2026-04-16 06:41:53.484514,OUT,Caja,
EVT_00520,3046920029759,2026-03-27 08:27:53.484514,OUT,Refrigerador,
EVT_00521,3046920010047,2026-03-21 19:28:53.484514,OUT,Refrigerador,
EVT_00522,20005733,2026-03-28 18:33:53.484514,OUT,Estantería,
EVT_00523,3229820129488,2026-03-22 20:36:53.484514,IN,Despensa,2026-05-16
EVT_00524,5010477348678,2026-03-24 06:44:53.484514,OUT,Estantería,
EVT_00525,7613036669146,2026-03-23 03:01:53.484514,OUT,Despensa,
EVT_00526,5411188112709,2026-03-23 05:56:53.484514,OUT,Refrigerador,
EVT_00527,3175681105423,2026-03-27 10:10:53.484514,IN,Estantería,2026-05-22
EVT_00528,20267605,2026-04-04 10:11:53.484514,OUT,Despensa,
EVT_00529,3017620429484,2026-03-22 11:37:53.484514,OUT,Caja,
EVT_00530,8425197712024,2026-03-21 02:46:53.484514,IN,Refrigerador,2026-06-01
EVT_00531,3329770077003,2026-04-14 14:48:53.484514,IN,Estantería,2026-04-22
EVT_00532,8410376009392,2026-03-30 00:42:53.484514,IN,Despensa,2026-05-11
EVT_00533,7300400481588,2026-03-29 03:00:53.484514,OUT,Caja,
EVT_00534,5449000000996,2026-04-16 07:58:53.484514,OUT,Refrigerador,
EVT_00535,5449000214911,2026-03-24 08:23:53.484514,OUT,Refrigerador,
EVT_00536,3046920029759,2026-03-26 12:41:53.484514,OUT,Despensa,
EVT_00537,6111035000430,2026-03-27 01:25:53.484514,OUT,Estantería,
EVT_00538,3046920029759,2026-03-26 04:46:53.484514,IN,Caja,2026-05-29
EVT_00539,3229820782560,2026-04-13 10:20:53.484514,IN,Refrigerador,2026-06-07
EVT_00540,3168930010265,2026-04-11 06:19:53.484514,IN,Caja,2026-05-29
EVT_00541,3033710073467,2026-04-06 21:50:53.484514,OUT,Refrigerador,
EVT_00542,8000500310427,2026-04-08 10:07:53.484514,OUT,Caja,
EVT_00543,3046920010047,2026-04-13 02:38:53.484514,OUT,Refrigerador,
EVT_00544,7300400481588,2026-04-01 04:29:53.484514,OUT,Caja,
EVT_00545,3159470000120,2026-04-11 08:38:53.484514,OUT,Despensa,
EVT_00546,20724696,2026-04-10 23:12:53.484514,OUT,Estantería,
EVT_00547,8715700407760,2026-03-28 17:52:53.484514,IN,Refrigerador,2026-05-22
EVT_00548,3046920010047,2026-03-31 00:09:53.484514,OUT,Despensa,
EVT_00549,5010477348678,2026-04-10 18:22:53.484514,IN,Estantería,2026-05-31
EVT_00550,5410041001204,2026-04-08 03:57:53.484514,OUT,Despensa,
EVT_00551,20995553,2026-03-31 03:17:53.484514,OUT,Refrigerador,
EVT_00552,7300400481588,2026-03-20 04:31:53.484514,IN,Refrigerador,2026-05-29
EVT_00553,3017620422003,2026-04-09 14:29:53.484514,OUT,Despensa,
EVT_00554,6111032001010,2026-04-14 23:49:53.484514,IN,Despensa,2026-05-13
EVT_00555,3017620425035,2026-03-22 08:15:53.484514,OUT,Refrigerador,
EVT_00556,3046920010047,2026-03-29 01:54:53.484514,IN,Estantería,2026-04-22
EVT_00557,3046920028363,2026-03-25 23:54:53.484514,IN,Despensa,2026-05-20
EVT_00558,5010477348678,2026-03-24 12:59:53.484514,IN,Estantería,2026-04-23
EVT_00559,3168930010265,2026-04-13 10:17:53.484514,OUT,Caja,
EVT_00560,3229820129488,2026-04-08 15:21:53.484514,OUT,Refrigerador,
EVT_00561,3046920028004,2026-03-29 02:10:53.484514,OUT,Caja,
EVT_00562,7300400481595,2026-04-15 14:56:53.484514,IN,Estantería,2026-05-22
EVT_00563,20267605,2026-04-14 09:44:53.484514,IN,Caja,2026-05-04
EVT_00564,6111035000430,2026-04-06 20:18:53.484514,OUT,Refrigerador,
EVT_00565,3046920028004,2026-04-02 16:20:53.484514,OUT,Caja,
EVT_00566,3046920029759,2026-04-05 00:52:53.484514,OUT,Estantería,
EVT_00567,3017620422003,2026-04-09 09:02:53.484514,OUT,Estantería,
EVT_00568,3159470000120,2026-04-12 08:19:53.484514,OUT,Estantería,
EVT_00569,7300400481595,2026-04-06 23:11:53.484514,OUT,Refrigerador,
EVT_00570,8410376009392,2026-03-18 08:49:53.484514,OUT,Caja,
EVT_00571,3168930010265,2026-04-03 16:58:53.484514,IN,Refrigerador,2026-04-30
EVT_00572,5411188112709,2026-03-30 17:56:53.484514,OUT,Despensa,
EVT_00573,3229820129488,2026-04-13 05:04:53.484514,OUT,Refrigerador,
EVT_00574,20005733,2026-04-12 15:48:53.484514,OUT,Estantería,
EVT_00575,4056489007180,2026-03-25 14:26:53.484514,IN,Refrigerador,2026-05-23
EVT_00576,3168930010265,2026-03-28 00:29:53.484514,OUT,Caja,
EVT_00577,6111032001010,2026-04-10 23:51:53.484514,IN,Despensa,2026-05-30
EVT_00578,3046920028363,2026-04-15 23:23:53.484514,OUT,Caja,
EVT_00579,3033710073467,2026-04-08 04:26:53.484514,OUT,Caja,
EVT_00580,8076809523547,2026-04-12 02:02:53.484514,OUT,Estantería,
EVT_00581,3168930010906,2026-04-07 11:53:53.484514,OUT,Despensa,
EVT_00582,6111032001010,2026-04-06 21:17:53.484514,OUT,Estantería,
EVT_00583,3175681105423,2026-04-11 12:44:53.484514,IN,Estantería,2026-06-07
EVT_00584,3046920022606,2026-04-12 18:05:53.484514,OUT,Refrigerador,
EVT_00585,20995553,2026-03-18 00:47:53.484514,OUT,Estantería,
EVT_00586,3329770077003,2026-04-01 22:26:53.484514,OUT,Caja,
EVT_00587,5449000000439,2026-03-31 13:59:53.484514,OUT,Estantería,
EVT_00588,7300400481588,2026-04-13 02:44:53.484514,OUT,Caja,
EVT_00589,3168930010265,2026-04-15 06:50:53.484514,OUT,Estantería,
EVT_00590,5411188110835,2026-03-26 10:24:53.484514,IN,Caja,2026-06-12
EVT_00591,3017620425035,2026-03-20 23:33:53.484514,IN,Refrigerador,2026-05-07
EVT_00592,20724696,2026-03-31 14:50:53.484514,OUT,Refrigerador,
EVT_00593,3168930010265,2026-03-29 07:54:53.484514,IN,Refrigerador,2026-04-25
EVT_00594,59032823,2026-03-27 01:43:53.484514,OUT,Despensa,
EVT_00595,3017620425035,2026-04-10 00:24:53.484514,OUT,Estantería,
EVT_00596,7300400481595,2026-03-19 06:55:53.484514,OUT,Despensa,
EVT_00597,6111035000430,2026-04-02 18:27:53.484514,OUT,Refrigerador,
EVT_00598,8425197712024,2026-04-10 05:29:53.484514,OUT,Refrigerador,
EVT_00599,7613036669146,2026-04-03 16:11:53.484514,IN,Caja,2026-05-06
EVT_00600,5449000000439,2026-03-18 12:01:53.484514,IN,Caja,2026-05-01
EVT_00601,3329770077003,2026-04-12 11:08:53.484514,OUT,Refrigerador,
EVT_00602,5411188124689,2026-03-24 08:52:53.484514,OUT,Despensa,
EVT_00603,20022464,2026-03-20 16:22:53.484514,OUT,Despensa,
EVT_00604,3033710073467,2026-04-10 20:09:53.484514,OUT,Despensa,
EVT_00605,5411188124689,2026-03-21 11:35:53.484514,OUT,Despensa,
EVT_00606,3168930010265,2026-04-04 12:18:53.484514,IN,Refrigerador,2026-05-17
EVT_00607,5449000000439,2026-04-06 19:24:53.484514,IN,Despensa,2026-06-08
EVT_00608,3046920022606,2026-03-28 12:45:53.484514,IN,Estantería,2026-05-20
EVT_00609,3046920010047,2026-03-27 11:54:53.484514,IN,Despensa,2026-04-26
EVT_00610,5411188112709,2026-04-13 11:08:53.484514,OUT,Estantería,
EVT_00611,3159470000120,2026-04-10 13:23:53.484514,IN,Despensa,2026-04-28
EVT_00612,80176800,2026-04-01 17:36:53.484514,OUT,Refrigerador,
EVT_00613,3017620429484,2026-03-19 11:46:53.484514,IN,Caja,2026-04-25
EVT_00614,8076809523547,2026-03-30 03:10:53.484514,OUT,Caja,
EVT_00615,8076809523547,2026-03-22 21:55:53.484514,OUT,Estantería,
EVT_00616,20005733,2026-04-05 03:59:53.484514,OUT,Refrigerador,
EVT_00617,4056489620938,2026-04-03 03:42:53.484514,OUT,Refrigerador,
EVT_00618,3046920028004,2026-04-11 20:43:53.484514,OUT,Caja,
EVT_00619,3017620422003,2026-04-01 03:03:53.484514,OUT,Despensa,
EVT_00620,20724696,2026-04-05 14:48:53.484514,OUT,Despensa,
EVT_00621,3229820782560,2026-04-03 01:20:53.484514,IN,Despensa,2026-04-23
EVT_00622,5410041001204,2026-03-20 03:03:53.484514,OUT,Refrigerador,
EVT_00623,3168930010265,2026-04-01 16:34:53.484514,IN,Despensa,2026-06-09
EVT_00624,8425197712024,2026-03-29 11:42:53.484514,IN,Estantería,2026-04-23
EVT_00625,7300400481588,2026-03-22 19:21:53.484514,IN,Refrigerador,2026-05-08
EVT_00626,5010029000023,2026-04-09 02:55:53.484514,IN,Estantería,2026-05-02
EVT_00627,3168930010906,2026-03-31 22:14:53.484514,IN,Estantería,2026-06-07
EVT_00628,8410376009392,2026-04-14 10:47:53.484514,IN,Estantería,2026-06-11
EVT_00629,20005733,2026-04-12 23:07:53.484514,OUT,Despensa,
EVT_00630,3046920028004,2026-03-18 02:57:53.484514,OUT,Refrigerador,
EVT_00631,3033710073467,2026-04-13 14:24:53.484514,IN,Despensa,2026-05-25
EVT_00632,7622210449283,2026-04-04 07:41:53.484514,OUT,Estantería,
EVT_00633,5410041001204,2026-04-10 10:22:53.484514,IN,Estantería,2026-05-20
EVT_00634,3046920029780,2026-04-09 15:20:53.484514,OUT,Caja,
EVT_00635,4056489007180,2026-04-15 22:12:53.484514,OUT,Estantería,
EVT_00636,5411188124689,2026-03-28 08:26:53.484514,IN,Refrigerador,2026-06-14
EVT_00637,8425197712024,2026-03-29 09:56:53.484514,OUT,Caja,
EVT_00638,8715700407760,2026-04-10 05:56:53.484514,IN,Estantería,2026-06-11
EVT_00639,3046920029780,2026-03-19 11:03:53.484514,IN,Caja,2026-04-30
EVT_00640,8425197712024,2026-03-24 07:34:53.484514,OUT,Caja,
EVT_00641,5449000000996,2026-03-19 01:53:53.484514,OUT,Estantería,
EVT_00642,20995553,2026-03-30 23:49:53.484514,OUT,Estantería,
EVT_00643,3017620429484,2026-04-10 13:55:53.484514,IN,Estantería,2026-05-03
EVT_00644,8715700407760,2026-03-27 16:54:53.484514,IN,Caja,2026-05-24
EVT_00645,3760020507350,2026-04-12 23:28:53.484514,IN,Estantería,2026-06-03
EVT_00646,3168930010906,2026-03-31 16:38:53.484514,OUT,Estantería,
EVT_00647,5449000214799,2026-04-02 21:55:53.484514,OUT,Refrigerador,
EVT_00648,7622210449283,2026-04-16 01:48:53.484514,IN,Despensa,2026-04-28
EVT_00649,20047238,2026-03-21 22:39:53.484514,OUT,Refrigerador,
EVT_00650,4056489007180,2026-04-15 23:54:53.484514,OUT,Refrigerador,
EVT_00651,5449000000996,2026-03-26 04:47:53.484514,OUT,Caja,
EVT_00652,8715700407760,2026-03-22 02:19:53.484514,IN,Refrigerador,2026-06-09
EVT_00653,3159470000120,2026-03-25 06:42:53.484514,OUT,Refrigerador,
EVT_00654,80176800,2026-03-24 23:26:53.484514,OUT,Estantería,
EVT_00655,8076809523547,2026-04-10 08:33:53.484514,IN,Estantería,2026-04-22
EVT_00656,20047238,2026-03-22 21:55:53.484514,IN,Estantería,2026-05-03
EVT_00657,3760020507350,2026-04-15 15:13:53.484514,OUT,Caja,
EVT_00658,8425197712024,2026-03-22 17:21:53.484514,IN,Caja,2026-06-08
EVT_00659,3033710073467,2026-03-22 02:31:53.484514,IN,Despensa,2026-06-02
EVT_00660,8715700407760,2026-03-29 16:13:53.484514,OUT,Refrigerador,
EVT_00661,5411188110835,2026-04-01 05:14:53.484514,OUT,Despensa,
EVT_00662,20022464,2026-03-31 16:43:53.484514,OUT,Estantería,
EVT_00663,3046920010047,2026-03-23 15:55:53.484514,OUT,Caja,
EVT_00664,3229820129488,2026-04-14 05:11:53.484514,OUT,Estantería,
EVT_00665,3046920010047,2026-03-22 21:00:53.484514,IN,Estantería,2026-05-17
EVT_00666,59032823,2026-04-03 20:36:53.484514,OUT,Caja,
EVT_00667,8715700407760,2026-04-07 02:28:53.484514,OUT,Despensa,
EVT_00668,5411188110835,2026-04-08 08:43:53.484514,OUT,Caja,
EVT_00669,3017620422003,2026-03-29 07:14:53.484514,OUT,Caja,
EVT_00670,5411188124689,2026-04-05 00:02:53.484514,IN,Estantería,2026-04-28
EVT_00671,5411188110835,2026-04-01 13:35:53.484514,IN,Despensa,2026-05-05
EVT_00672,59032823,2026-03-24 00:00:53.484514,OUT,Despensa,
EVT_00673,3168930010265,2026-04-08 02:52:53.484514,OUT,Despensa,
EVT_00674,80176800,2026-03-30 00:58:53.484514,OUT,Caja,
EVT_00675,7613036669146,2026-03-23 18:03:53.484514,IN,Despensa,2026-06-08
EVT_00676,8076809523547,2026-03-25 03:48:53.484514,OUT,Refrigerador,
EVT_00677,3168930010265,2026-04-04 03:34:53.484514,OUT,Refrigerador,
EVT_00678,3168930010906,2026-03-26 05:18:53.484514,OUT,Estantería,
EVT_00679,3046920022606,2026-03-19 14:56:53.484514,OUT,Caja,
EVT_00680,5449000214799,2026-03-26 06:04:53.484514,OUT,Estantería,
EVT_00681,20267605,2026-03-30 17:11:53.484514,OUT,Estantería,
EVT_00682,5449000000996,2026-03-29 22:29:53.484514,OUT,Caja,
EVT_00683,3175681105423,2026-04-15 20:54:53.484514,IN,Caja,2026-06-03
EVT_00684,5010029000023,2026-04-08 19:25:53.484514,OUT,Caja,
EVT_00685,5449000000996,2026-03-29 15:55:53.484514,OUT,Estantería,
EVT_00686,8410376009392,2026-04-03 06:08:53.484514,IN,Caja,2026-04-30
EVT_00687,5449000214911,2026-03-26 04:11:53.484514,IN,Refrigerador,2026-05-23
EVT_00688,3046920010047,2026-03-25 14:51:53.484514,OUT,Despensa,
EVT_00689,5449000000439,2026-03-22 00:08:53.484514,IN,Caja,2026-06-09
EVT_00690,3046920028363,2026-03-23 22:33:53.484514,IN,Despensa,2026-04-30
EVT_00691,5010029000023,2026-03-24 21:40:53.484514,OUT,Estantería,
EVT_00692,3046920028004,2026-03-28 00:53:53.484514,IN,Caja,2026-05-06
EVT_00693,3175681105423,2026-04-06 00:18:53.484514,IN,Estantería,2026-04-25
EVT_00694,7300400481588,2026-03-27 04:41:53.484514,IN,Despensa,2026-06-06
EVT_00695,8715700407760,2026-04-12 23:57:53.484514,IN,Caja,2026-06-12
EVT_00696,5010477348678,2026-04-04 17:24:53.484514,OUT,Caja,
EVT_00697,5010477348678,2026-04-07 18:02:53.484514,OUT,Refrigerador,
EVT_00698,3168930010265,2026-04-02 00:49:53.484514,OUT,Caja,
EVT_00699,3168930010265,2026-03-30 18:26:53.484514,OUT,Caja,
EVT_00700,3046920028004,2026-04-11 17:08:53.484514,IN,Estantería,2026-06-01
EVT_00701,5449000214911,2026-04-02 21:12:53.484514,IN,Despensa,2026-06-02
EVT_00702,3046920010047,2026-04-14 16:48:53.484514,IN,Despensa,2026-04-27
EVT_00703,3046920010047,2026-03-20 03:37:53.484514,OUT,Refrigerador,
EVT_00704,59032823,2026-04-10 18:59:53.484514,OUT,Estantería,
EVT_00705,5411188124689,2026-03-18 17:41:53.484514,OUT,Caja,
EVT_00706,5411188124689,2026-04-09 05:21:53.484514,OUT,Refrigerador,
EVT_00707,5449000214911,2026-03-19 03:50:53.484514,OUT,Caja,
EVT_00708,3017620422003,2026-04-07 15:49:53.484514,OUT,Estantería,
EVT_00709,7300400481588,2026-03-31 12:04:53.484514,IN,Caja,2026-06-05
EVT_00710,3017620425035,2026-03-29 08:00:53.484514,IN,Estantería,2026-05-07
EVT_00711,3159470000120,2026-03-24 00:11:53.484514,IN,Estantería,2026-05-07
EVT_00712,3168930010265,2026-04-04 15:17:53.484514,IN,Estantería,2026-06-05
EVT_00713,5411188112709,2026-04-12 22:11:53.484514,OUT,Caja,
EVT_00714,5410041001204,2026-03-30 01:14:53.484514,IN,Despensa,2026-06-06
EVT_00715,8000500310427,2026-04-03 15:08:53.484514,OUT,Refrigerador,
EVT_00716,5411188112709,2026-03-21 08:04:53.484514,OUT,Despensa,
EVT_00717,59032823,2026-03-21 01:34:53.484514,IN,Caja,2026-05-20
EVT_00718,4056489620938,2026-03-28 19:20:53.484514,OUT,Refrigerador,
EVT_00719,3046920028004,2026-04-08 17:48:53.484514,OUT,Estantería,
EVT_00720,6111035000430,2026-04-09 00:37:53.484514,OUT,Caja,
EVT_00721,20267605,2026-04-06 00:44:53.484514,IN,Caja,2026-05-29
EVT_00722,3175681105423,2026-04-06 05:26:53.484514,OUT,Refrigerador,
EVT_00723,20022464,2026-04-10 18:12:53.484514,IN,Estantería,2026-05-11
EVT_00724,3033710073467,2026-03-26 05:17:53.484514,OUT,Despensa,
EVT_00725,3229820129488,2026-03-29 06:25:53.484514,IN,Estantería,2026-05-22
EVT_00726,4056489620938,2026-03-20 13:33:53.484514,OUT,Estantería,
EVT_00727,7622210449283,2026-04-11 15:27:53.484514,IN,Refrigerador,2026-04-22
EVT_00728,3175681105423,2026-04-03 05:42:53.484514,OUT,Refrigerador,
EVT_00729,4056489007180,2026-03-24 02:54:53.484514,OUT,Despensa,
EVT_00730,8410376009392,2026-03-31 08:25:53.484514,OUT,Despensa,
EVT_00731,3046920022606,2026-03-20 00:59:53.484514,OUT,Caja,
EVT_00732,3229820782560,2026-03-25 11:00:53.484514,OUT,Estantería,
EVT_00733,8000500310427,2026-04-10 11:52:53.484514,OUT,Refrigerador,
EVT_00734,3046920028004,2026-04-03 21:03:53.484514,IN,Despensa,2026-05-26
EVT_00735,8410376009392,2026-04-04 12:06:53.484514,IN,Estantería,2026-05-16
EVT_00736,4056489620938,2026-04-13 05:33:53.484514,OUT,Estantería,
EVT_00737,3046920010047,2026-03-30 22:51:53.484514,OUT,Refrigerador,
EVT_00738,3046920029780,2026-03-22 17:59:53.484514,IN,Estantería,2026-06-01
EVT_00739,5010029000023,2026-04-05 00:50:53.484514,OUT,Refrigerador,
EVT_00740,20724696,2026-03-31 10:18:53.484514,IN,Caja,2026-05-21
EVT_00741,20724696,2026-03-21 12:10:53.484514,IN,Caja,2026-05-13
EVT_00742,59032823,2026-04-16 07:13:53.484514,OUT,Despensa,
EVT_00743,3229820129488,2026-03-26 21:17:53.484514,OUT,Caja,
EVT_00744,5010477348678,2026-04-13 07:05:53.484514,OUT,Estantería,
EVT_00745,3046920022606,2026-04-07 02:12:53.484514,IN,Despensa,2026-05-01
EVT_00746,3046920028363,2026-03-29 11:32:53.484514,OUT,Refrigerador,
EVT_00747,3159470000120,2026-03-21 09:49:53.484514,OUT,Refrigerador,
EVT_00748,3046920010047,2026-04-04 17:15:53.484514,IN,Estantería,2026-06-01
EVT_00749,5449000000996,2026-04-14 06:06:53.484514,IN,Estantería,2026-05-01
EVT_00750,20022464,2026-03-25 07:45:53.484514,OUT,Despensa,
EVT_00751,3046920028004,2026-03-24 03:35:53.484514,OUT,Refrigerador,
EVT_00752,59032823,2026-04-08 16:42:53.484514,OUT,Estantería,
EVT_00753,5411188112709,2026-04-06 16:39:53.484514,IN,Caja,2026-06-12
EVT_00754,3046920029759,2026-04-11 17:45:53.484514,IN,Refrigerador,2026-05-28
EVT_00755,5449000000996,2026-03-28 10:21:53.484514,IN,Refrigerador,2026-06-09
EVT_00756,3046920028363,2026-03-26 19:25:53.484514,OUT,Despensa,
EVT_00757,8076809523547,2026-03-22 07:24:53.484514,OUT,Despensa,
EVT_00758,3046920028004,2026-03-18 04:35:53.484514,OUT,Estantería,
EVT_00759,5010477348678,2026-03-19 14:55:53.484514,OUT,Refrigerador,
EVT_00760,3046920029759,2026-04-15 06:01:53.484514,IN,Estantería,2026-06-03
EVT_00761,20995553,2026-03-31 18:06:53.484514,OUT,Estantería,
EVT_00762,5411188110835,2026-04-16 04:44:53.484514,IN,Estantería,2026-04-28
EVT_00763,3046920028004,2026-04-10 22:49:53.484514,IN,Estantería,2026-05-24
EVT_00764,3017620429484,2026-03-24 18:57:53.484514,OUT,Despensa,
EVT_00765,3046920029759,2026-03-18 07:06:53.484514,IN,Refrigerador,2026-06-14
EVT_00766,20047238,2026-04-03 14:29:53.484514,IN,Caja,2026-05-19
EVT_00767,3229820129488,2026-03-28 00:11:53.484514,OUT,Refrigerador,
EVT_00768,3229820129488,2026-03-27 22:40:53.484514,OUT,Refrigerador,
EVT_00769,3046920028004,2026-04-14 01:46:53.484514,IN,Refrigerador,2026-06-12
EVT_00770,3046920022606,2026-03-21 19:37:53.484514,IN,Caja,2026-06-12
EVT_00771,8076809523547,2026-03-18 00:28:53.484514,OUT,Estantería,
EVT_00772,20022464,2026-04-08 02:16:53.484514,OUT,Refrigerador,
EVT_00773,5411188124689,2026-04-04 11:42:53.484514,OUT,Caja,
EVT_00774,8715700407760,2026-04-04 21:41:53.484514,IN,Refrigerador,2026-05-25
EVT_00775,8000500310427,2026-04-10 05:11:53.484514,IN,Refrigerador,2026-06-07
EVT_00776,3046920029759,2026-03-20 07:44:53.484514,OUT,Caja,
EVT_00777,8410376009392,2026-04-09 15:47:53.484514,IN,Refrigerador,2026-06-13
EVT_00778,8076809523547,2026-04-05 05:29:53.484514,OUT,Despensa,
EVT_00779,6111035000430,2026-03-21 02:48:53.484514,OUT,Estantería,
EVT_00780,20022464,2026-04-03 05:59:53.484514,IN,Despensa,2026-05-18
EVT_00781,5449000214911,2026-03-22 20:36:53.484514,IN,Refrigerador,2026-04-25
EVT_00782,3229820129488,2026-03-28 19:24:53.484514,OUT,Estantería,
EVT_00783,8715700407760,2026-04-16 01:03:53.484514,IN,Caja,2026-05-26
EVT_00784,4056489620938,2026-03-19 10:42:53.484514,OUT,Caja,
EVT_00785,5410041001204,2026-03-22 08:32:53.484514,IN,Caja,2026-05-30
EVT_00786,8076809523547,2026-04-10 16:43:53.484514,OUT,Despensa,
EVT_00787,7300400481588,2026-04-16 16:30:53.484514,OUT,Caja,
EVT_00788,20267605,2026-04-05 03:59:53.484514,OUT,Caja,
EVT_00789,3760020507350,2026-04-16 07:13:53.484514,OUT,Despensa,
EVT_00790,3046920010047,2026-03-29 22:17:53.484514,OUT,Refrigerador,
EVT_00791,6111035000430,2026-03-23 08:01:53.484514,OUT,Refrigerador,
EVT_00792,6111035000430,2026-04-14 05:44:53.484514,IN,Despensa,2026-05-11
EVT_00793,5411188110835,2026-04-13 03:26:53.484514,OUT,Estantería,
EVT_00794,7300400481588,2026-03-24 10:25:53.484514,OUT,Caja,
EVT_00795,20724696,2026-04-08 08:05:53.484514,IN,Caja,2026-05-28
EVT_00796,5449000214799,2026-03-26 12:40:53.484514,OUT,Despensa,
EVT_00797,3017620429484,2026-03-26 02:08:53.484514,OUT,Despensa,
EVT_00798,20724696,2026-04-12 16:47:53.484514,OUT,Estantería,
EVT_00799,5410041001204,2026-03-26 16:52:53.484514,OUT,Caja,
EVT_00800,5010477348678,2026-04-06 20:15:53.484514,IN,Refrigerador,2026-05-16
EVT_00801,5449000214911,2026-03-31 02:11:53.484514,OUT,Refrigerador,
EVT_00802,20005733,2026-04-08 00:17:53.484514,OUT,Estantería,
EVT_00803,3159470000120,2026-04-02 12:06:53.484514,OUT,Despensa,
EVT_00804,8715700407760,2026-03-31 01:28:53.484514,IN,Estantería,2026-05-22
EVT_00805,3159470000120,2026-04-07 14:36:53.484514,IN,Refrigerador,2026-05-09
EVT_00806,3760020507350,2026-03-18 15:15:53.484514,OUT,Despensa,
EVT_00807,3168930010265,2026-04-14 05:34:53.484514,OUT,Despensa,
EVT_00808,59032823,2026-03-21 11:17:53.484514,IN,Estantería,2026-06-08
EVT_00809,3046920028004,2026-04-14 13:48:53.484514,OUT,Estantería,
EVT_00810,20005733,2026-04-03 10:35:53.484514,OUT,Despensa,
EVT_00811,7613036669146,2026-04-12 05:00:53.484514,OUT,Despensa,
EVT_00812,5449000214911,2026-04-09 23:51:53.484514,OUT,Estantería,
EVT_00813,20005733,2026-04-16 04:59:53.484514,OUT,Estantería,
EVT_00814,3017620422003,2026-04-09 00:02:53.484514,OUT,Caja,
EVT_00815,80176800,2026-04-11 19:03:53.484514,IN,Refrigerador,2026-06-14
EVT_00816,3175681105423,2026-04-03 08:12:53.484514,IN,Refrigerador,2026-05-11
EVT_00817,8076809523547,2026-03-21 04:26:53.484514,IN,Despensa,2026-04-22
EVT_00818,3168930010906,2026-04-12 20:11:53.484514,OUT,Caja,
EVT_00819,6111035000430,2026-03-30 00:14:53.484514,OUT,Estantería,
EVT_00820,20995553,2026-03-25 13:59:53.484514,OUT,Despensa,
EVT_00821,3046920028004,2026-03-26 13:46:53.484514,IN,Caja,2026-04-22
EVT_00822,8410376009392,2026-04-15 01:02:53.484514,OUT,Refrigerador,
EVT_00823,7622210449283,2026-03-25 03:24:53.484514,OUT,Despensa,
EVT_00824,5410041001204,2026-03-20 18:46:53.484514,IN,Refrigerador,2026-05-07
EVT_00825,5449000214799,2026-04-11 17:26:53.484514,OUT,Caja,
EVT_00826,3046920010047,2026-03-25 12:37:53.484514,IN,Refrigerador,2026-05-04
EVT_00827,3159470000120,2026-03-19 20:51:53.484514,IN,Despensa,2026-05-13
EVT_00828,20995553,2026-04-14 08:27:53.484514,OUT,Estantería,
EVT_00829,8715700407760,2026-04-02 03:47:53.484514,OUT,Estantería,
EVT_00830,5449000000439,2026-04-02 09:12:53.484514,OUT,Despensa,
EVT_00831,7622210449283,2026-03-25 23:31:53.484514,IN,Despensa,2026-05-13
EVT_00832,3175681105423,2026-04-15 23:02:53.484514,OUT,Refrigerador,
EVT_00833,3046920022606,2026-04-08 13:59:53.484514,OUT,Estantería,
EVT_00834,3046920010047,2026-03-24 19:44:53.484514,OUT,Caja,
EVT_00835,7300400481588,2026-03-23 08:54:53.484514,OUT,Refrigerador,
EVT_00836,3046920028004,2026-04-06 13:48:53.484514,OUT,Refrigerador,
EVT_00837,6111032001010,2026-04-12 10:47:53.484514,OUT,Despensa,
EVT_00838,3017620422003,2026-04-01 11:15:53.484514,IN,Caja,2026-05-21
EVT_00839,3046920028004,2026-03-27 17:23:53.484514,OUT,Refrigerador,
EVT_00840,3046920010047,2026-03-20 19:37:53.484514,OUT,Despensa,
EVT_00841,20267605,2026-03-23 22:52:53.484514,OUT,Estantería,
EVT_00842,3017620422003,2026-03-21 03:40:53.484514,OUT,Caja,
EVT_00843,20022464,2026-03-20 16:36:53.484514,OUT,Despensa,
EVT_00844,20022464,2026-04-06 21:56:53.484514,IN,Estantería,2026-05-21
EVT_00845,20267605,2026-03-26 21:10:53.484514,IN,Estantería,2026-05-06
EVT_00846,8425197712024,2026-03-19 12:36:53.484514,IN,Caja,2026-05-22
EVT_00847,3046920022606,2026-03-19 16:27:53.484514,OUT,Despensa,
EVT_00848,8425197712024,2026-04-16 07:48:53.484514,IN,Caja,2026-05-10
EVT_00849,3760020507350,2026-03-27 04:54:53.484514,OUT,Despensa,
EVT_00850,3168930010906,2026-03-19 00:03:53.484514,OUT,Refrigerador,
EVT_00851,5411188110835,2026-03-23 05:12:53.484514,OUT,Caja,
EVT_00852,5411188124689,2026-04-13 02:19:53.484514,OUT,Refrigerador,
EVT_00853,6111032001010,2026-04-01 14:38:53.484514,IN,Estantería,2026-06-01
EVT_00854,3229820129488,2026-04-07 19:05:53.484514,IN,Despensa,2026-05-23
EVT_00855,20047238,2026-03-27 18:22:53.484514,IN,Despensa,2026-05-08
EVT_00856,4056489007180,2026-03-30 03:12:53.484514,IN,Estantería,2026-04-21
EVT_00857,5449000214911,2026-04-05 22:14:53.484514,OUT,Despensa,
EVT_00858,5411188124689,2026-03-23 03:08:53.484514,OUT,Caja,
EVT_00859,20047238,2026-03-18 11:41:53.484514,IN,Caja,2026-05-30
EVT_00860,3329770077003,2026-03-26 19:02:53.484514,OUT,Despensa,
EVT_00861,20005733,2026-04-07 05:55:53.484514,IN,Despensa,2026-04-28
EVT_00862,20047238,2026-03-28 03:40:53.484514,OUT,Refrigerador,
EVT_00863,3329770077003,2026-03-21 19:27:53.484514,OUT,Estantería,
EVT_00864,5449000214911,2026-03-27 08:47:53.484514,IN,Estantería,2026-04-29
EVT_00865,3046920010047,2026-03-28 01:52:53.484514,OUT,Despensa,
EVT_00866,5449000214911,2026-03-26 12:33:53.484514,IN,Refrigerador,2026-05-11
EVT_00867,3046920028363,2026-03-21 11:30:53.484514,IN,Caja,2026-05-06
EVT_00868,8076809523547,2026-03-22 23:34:53.484514,OUT,Refrigerador,
EVT_00869,8410376009392,2026-04-09 02:33:53.484514,IN,Estantería,2026-06-13
EVT_00870,5449000000439,2026-03-31 09:49:53.484514,OUT,Despensa,
EVT_00871,5411188124689,2026-04-12 22:44:53.484514,OUT,Caja,
EVT_00872,3017620425035,2026-03-21 10:22:53.484514,OUT,Refrigerador,
EVT_00873,3017620422003,2026-04-02 05:42:53.484514,OUT,Estantería,
EVT_00874,3229820129488,2026-04-14 20:50:53.484514,IN,Refrigerador,2026-05-26
EVT_00875,80176800,2026-03-24 14:08:53.484514,IN,Despensa,2026-04-26
EVT_00876,8715700407760,2026-04-08 07:34:53.484514,IN,Refrigerador,2026-04-27
EVT_00877,20047238,2026-04-13 07:12:53.484514,IN,Caja,2026-05-17
EVT_00878,3046920010047,2026-04-01 06:33:53.484514,IN,Refrigerador,2026-05-12
EVT_00879,3046920028004,2026-03-27 01:04:53.484514,OUT,Despensa,
EVT_00880,3175681105423,2026-03-20 06:44:53.484514,IN,Refrigerador,2026-04-27
EVT_00881,3229820129488,2026-03-23 08:41:53.484514,IN,Despensa,2026-05-31
EVT_00882,4056489007180,2026-04-07 23:52:53.484514,OUT,Caja,
EVT_00883,3760020507350,2026-03-18 15:12:53.484514,OUT,Despensa,
EVT_00884,3229820129488,2026-03-23 21:31:53.484514,OUT,Estantería,
EVT_00885,5449000214799,2026-04-07 05:25:53.484514,IN,Estantería,2026-05-15
EVT_00886,6111032001010,2026-04-02 01:40:53.484514,OUT,Despensa,
EVT_00887,3046920010047,2026-03-27 23:38:53.484514,OUT,Despensa,
EVT_00888,3760020507350,2026-04-10 09:11:53.484514,OUT,Caja,
EVT_00889,3046920022606,2026-04-14 11:56:53.484514,OUT,Estantería,
EVT_00890,8410376009392,2026-03-30 11:24:53.484514,OUT,Refrigerador,
EVT_00891,8076809523547,2026-03-27 18:24:53.484514,OUT,Despensa,
EVT_00892,3159470000120,2026-03-21 23:50:53.484514,OUT,Estantería,
EVT_00893,7622210449283,2026-04-09 12:16:53.484514,OUT,Caja,
EVT_00894,20022464,2026-04-15 02:25:53.484514,IN,Estantería,2026-06-02
EVT_00895,59032823,2026-04-03 20:58:53.484514,OUT,Refrigerador,
EVT_00896,3229820782560,2026-03-19 01:41:53.484514,OUT,Despensa,
EVT_00897,20047238,2026-03-23 04:53:53.484514,OUT,Refrigerador,
EVT_00898,3760020507350,2026-03-28 11:39:53.484514,OUT,Estantería,
EVT_00899,3017620425035,2026-03-22 02:26:53.484514,OUT,Despensa,
EVT_00900,3046920029759,2026-04-13 03:27:53.484514,OUT,Despensa,
EVT_00901,20022464,2026-03-29 09:41:53.484514,OUT,Refrigerador,
EVT_00902,3229820782560,2026-03-26 21:44:53.484514,OUT,Refrigerador,
EVT_00903,3046920028004,2026-03-21 03:39:53.484514,OUT,Despensa,
EVT_00904,3046920028363,2026-03-20 23:50:53.484514,IN,Estantería,2026-04-29
EVT_00905,59032823,2026-04-10 08:06:53.484514,IN,Refrigerador,2026-06-12
EVT_00906,3168930010906,2026-04-01 00:28:53.484514,OUT,Despensa,
EVT_00907,20022464,2026-03-22 09:26:53.484514,OUT,Caja,
EVT_00908,3017620422003,2026-04-11 04:03:53.484514,IN,Estantería,2026-05-17
EVT_00909,20047238,2026-03-23 00:23:53.484514,OUT,Estantería,
EVT_00910,3046920028004,2026-03-30 04:57:53.484514,OUT,Estantería,
EVT_00911,7300400481595,2026-04-08 08:11:53.484514,OUT,Despensa,
EVT_00912,20047238,2026-04-12 18:37:53.484514,IN,Estantería,2026-05-04
EVT_00913,3229820769165,2026-03-31 08:27:53.484514,OUT,Caja,
EVT_00914,5410041001204,2026-03-30 17:03:53.484514,IN,Despensa,2026-05-22
EVT_00915,3046920028363,2026-04-07 12:30:53.484514,OUT,Despensa,
EVT_00916,7300400481588,2026-04-11 18:41:53.484514,OUT,Estantería,
EVT_00917,4056489620938,2026-03-19 23:19:53.484514,OUT,Refrigerador,
EVT_00918,4056489007180,2026-04-08 18:20:53.484514,OUT,Refrigerador,
EVT_00919,3168930010906,2026-03-19 19:14:53.484514,IN,Estantería,2026-05-03
EVT_00920,20267605,2026-04-15 15:54:53.484514,OUT,Refrigerador,
EVT_00921,7613036669146,2026-03-30 20:45:53.484514,OUT,Refrigerador,
EVT_00922,20724696,2026-03-17 21:52:53.484514,IN,Caja,2026-05-25
EVT_00923,5449000000439,2026-04-07 02:17:53.484514,IN,Refrigerador,2026-05-15
EVT_00924,8715700407760,2026-03-20 07:18:53.484514,IN,Refrigerador,2026-05-14
EVT_00925,20005733,2026-04-01 13:56:53.484514,IN,Despensa,2026-05-15
EVT_00926,5449000214799,2026-03-20 22:45:53.484514,OUT,Caja,
EVT_00927,5010029000023,2026-04-03 18:55:53.484514,IN,Caja,2026-04-26
EVT_00928,8715700407760,2026-03-18 00:12:53.484514,OUT,Refrigerador,
EVT_00929,5449000000439,2026-04-06 12:52:53.484514,IN,Despensa,2026-05-10
EVT_00930,3017620425035,2026-03-26 00:44:53.484514,OUT,Caja,
EVT_00931,6111032001010,2026-04-09 05:22:53.484514,OUT,Refrigerador,
EVT_00932,3046920010047,2026-04-01 17:57:53.484514,OUT,Caja,
EVT_00933,3168930010906,2026-03-30 16:46:53.484514,IN,Refrigerador,2026-04-23
EVT_00934,5411188112709,2026-04-14 21:35:53.484514,IN,Estantería,2026-06-02
EVT_00935,59032823,2026-03-28 15:56:53.484514,OUT,Despensa,
EVT_00936,5411188112709,2026-03-20 11:35:53.484514,IN,Caja,2026-04-23
EVT_00937,8000500310427,2026-04-03 11:24:53.484514,IN,Caja,2026-05-11
EVT_00938,6111032001010,2026-04-08 04:56:53.484514,OUT,Caja,
EVT_00939,8000500310427,2026-04-14 19:55:53.484514,IN,Refrigerador,2026-05-01
EVT_00940,3017620425035,2026-04-07 19:30:53.484514,OUT,Refrigerador,
EVT_00941,3046920028004,2026-03-24 09:17:53.484514,OUT,Estantería,
EVT_00942,5449000214911,2026-04-04 18:11:53.484514,OUT,Despensa,
EVT_00943,8410376009392,2026-04-09 04:58:53.484514,OUT,Estantería,
EVT_00944,20995553,2026-04-13 00:29:53.484514,OUT,Caja,
EVT_00945,3159470000120,2026-03-21 13:21:53.484514,OUT,Refrigerador,
EVT_00946,3046920029759,2026-03-26 21:58:53.484514,IN,Despensa,2026-04-24
EVT_00947,3159470000120,2026-04-05 19:30:53.484514,IN,Caja,2026-05-11
EVT_00948,8425197712024,2026-03-27 01:00:53.484514,IN,Refrigerador,2026-05-25
EVT_00949,3175681105423,2026-04-12 01:13:53.484514,IN,Estantería,2026-06-04
EVT_00950,3017620429484,2026-04-16 14:58:53.484514,IN,Despensa,2026-05-22
EVT_00951,5449000000439,2026-04-15 18:45:53.484514,IN,Despensa,2026-05-18
EVT_00952,59032823,2026-03-31 10:50:53.484514,OUT,Despensa,
EVT_00953,3229820769165,2026-04-06 13:30:53.484514,IN,Refrigerador,2026-05-12
EVT_00954,8410376009392,2026-04-11 04:19:53.484514,IN,Estantería,2026-06-06
EVT_00955,5411188124689,2026-03-25 15:02:53.484514,IN,Caja,2026-05-23
EVT_00956,5449000000439,2026-04-13 16:23:53.484514,IN,Refrigerador,2026-05-06
EVT_00957,80176800,2026-03-29 13:53:53.484514,OUT,Caja,
EVT_00958,5449000000996,2026-04-06 19:45:53.484514,OUT,Despensa,
EVT_00959,5010477348678,2026-03-27 11:32:53.484514,IN,Refrigerador,2026-04-24
EVT_00960,3175681105423,2026-04-10 21:30:53.484514,IN,Refrigerador,2026-05-06
EVT_00961,7300400481595,2026-04-15 20:55:53.484514,OUT,Despensa,
EVT_00962,6111035000430,2026-03-19 15:58:53.484514,IN,Despensa,2026-06-03
EVT_00963,4056489007180,2026-04-10 05:20:53.484514,OUT,Refrigerador,
EVT_00964,6111032001010,2026-04-10 18:41:53.484514,OUT,Despensa,
EVT_00965,5449000214911,2026-04-08 12:56:53.484514,OUT,Caja,
EVT_00966,7613036669146,2026-03-24 19:32:53.484514,OUT,Estantería,
EVT_00967,7622210449283,2026-04-01 11:04:53.484514,IN,Refrigerador,2026-04-23
EVT_00968,20267605,2026-04-12 07:00:53.484514,IN,Refrigerador,2026-05-12
EVT_00969,3229820782560,2026-03-19 10:13:53.484514,OUT,Despensa,
EVT_00970,8000500310427,2026-03-21 16:42:53.484514,IN,Caja,2026-05-23
EVT_00971,8410376009392,2026-04-08 14:54:53.484514,IN,Caja,2026-05-06
EVT_00972,6111032001010,2026-04-06 02:06:53.484514,IN,Despensa,2026-05-14
EVT_00973,3229820129488,2026-03-28 01:27:53.484514,IN,Despensa,2026-04-25
EVT_00974,80176800,2026-04-03 05:49:53.484514,IN,Estantería,2026-05-14
EVT_00975,3329770077003,2026-04-16 01:52:53.484514,OUT,Caja,
EVT_00976,5010029000023,2026-04-07 13:21:53.484514,OUT,Refrigerador,
EVT_00977,3229820129488,2026-04-13 13:36:53.484514,OUT,Refrigerador,
EVT_00978,3168930010265,2026-04-01 04:30:53.484514,OUT,Despensa,
EVT_00979,20022464,2026-03-18 15:56:53.484514,IN,Estantería,2026-05-26
EVT_00980,7622210449283,2026-03-23 02:27:53.484514,IN,Estantería,2026-05-17
EVT_00981,20022464,2026-04-12 21:01:53.484514,OUT,Estantería,
EVT_00982,5449000214799,2026-04-02 08:22:53.484514,OUT,Refrigerador,
EVT_00983,80176800,2026-04-03 22:10:53.484514,IN,Refrigerador,2026-05-11
EVT_00984,3168930010906,2026-03-18 01:47:53.484514,IN,Refrigerador,2026-05-28
EVT_00985,5411188124689,2026-04-06 00:08:53.484514,OUT,Despensa,
EVT_00986,59032823,2026-03-29 22:35:53.484514,IN,Estantería,2026-05-31
EVT_00987,5411188124689,2026-04-08 18:15:53.484514,IN,Caja,2026-06-04
EVT_00988,20995553,2026-04-06 19:10:53.484514,OUT,Refrigerador,
EVT_00989,20724696,2026-03-30 00:18:53.484514,OUT,Estantería,
EVT_00990,20022464,2026-03-19 20:11:53.484514,OUT,Estantería,
EVT_00991,5449000214799,2026-03-28 06:54:53.484514,OUT,Refrigerador,
EVT_00992,3175681105423,2026-04-01 21:44:53.484514,OUT,Estantería,
EVT_00993,6111035000430,2026-04-04 19:03:53.484514,OUT,Refrigerador,
EVT_00994,5449000214799,2026-04-01 12:42:53.484514,OUT,Despensa,
EVT_00995,20005733,2026-04-14 08:07:53.484514,IN,Refrigerador,2026-05-17
EVT_00996,6111035000430,2026-04-11 22:21:53.484514,OUT,Refrigerador,
EVT_00997,3229820782560,2026-03-30 21:18:53.484514,IN,Refrigerador,2026-06-03
EVT_00998,3046920028004,2026-03-22 21:35:53.484514,IN,Caja,2026-06-08
EVT_00999,59032823,2026-04-11 14:08:53.484514,OUT,Despensa,
